comment,label
อีตัวเงินตัวทอง,1
น่าสงสาร สัมภเวสี พวกเศษขยะอย่างพวกมึง,1
ไม่ชั่วทำไม่ได้นะ,1
ปากบอกไม่เป็นไรๆแต่ในใจโกรธและเสียหน้ามาก นางมีปมในใจอยู่แล้วว่าคนจะไม่ต้อนรับเลยโวยวาย น่าเกลียดจริงๆดูไม่มีความรู้เลย งานนี้คุณป้าไม่ผิดนะคะ,1
คำว่า ผู้ดี กับ ไพร่ ,0
ดูได้จากปฏิกริยา ความคิด กมลสันดาน และการกระทำ ,0
ขอบคุณป้าที่ทำให้เห็นธาตุแท้ของคนบางคนยิ่งขึ้น,0
เขารู้ว่าเป็นคนเลวเขาจึงไม่ให้ถ่ายไง,0
จิตใจคิดร้ายหวังให้เขาเสื่อมเสีย,0
คุณป้าท่านสุภาพเป็นผู้ดีพอพูดจาไพเราะขอไห้ขายดีๆนะคะ,0
เคารพสิทธิคนอื่นด้วย ,0
คนจัญไร,1
ตัวเสนียดจัญไรมันจะไม่ต้องเข้าร้าน,1
อาจจะกลัวผลกระทบตามมาจากการใช้พื้นที่ร้านเขา,0
เขาไม่ได้พูดว่าไม่ต้อนรับพวกนั้น พวกนี้ซะหน่อย,0
ป้าเขายังพูดขอโทษ ที่ให้ถ่ายไม่ได้,0
หน้าแหกยับ นักประชาธิปไตย,0
น่าสมเพช น่ารังเกียจ,1
เขาไม่พูดสักคำว่าเสื้อแดงห้ามเข้าพูดเอง นิสัยไม่ดีเลย,0
เสียภาพพจน์สื่อหมดมีคนแบบนี้ทำรายการสื่อ,0
ป่วยจิตนะเนี่ย,1
ดูกิริยา น้ำเสียง สตอรเบอร์รี่,1
เก็บอาการไม่อยู่,0
คนเรามีอารมณ์โกรธไม่พอใจได้ อย่างนี้ก็เป็นเรื่องธรรมดา ใครก็มีโอกาสระเบิดอารมณ์ได้ครับ คนถ่ายรายการตอนแรกที่ถูกปฏิเสธน้ำเสียงยังดีอยู่ เหมือนควบคุมอารมณ์ได้ แต่ตอนเริ่มออกจากร้านไปก็ระบายโทสะธาตุแท้ออกมา ,0
ตลกมากๆ อยากให้มีคลิปแบบนี้อีก ดูแล้วก็หัวเราะ หายเครียดเลย นางเป็นคนตลก ทำให้คนดูหัวเราะได้ ทำคลิปแบบนี้ออกมาเยอะๆนะคะ,0
หน้าแหก ,0
อิบ้า ,1
เหมือนคนไม่มีการศึกษา   หน้าอายมาก,1
สุภาพมากเลยค่ะ,0
เอาน้ำล้างไล่เสนียดจังไรหน้าร้านด้วยครับคุณป้าจังไรคนจริงๆ,1
ทำไมไม่ปฎิเสธเขาก่อนหน้านี้ ถ้าไม่ชอบคุณแขกก็อย่าไปติดต่อแต่แรก เจตนาร้ายชัดๆ ให้เขาเสียเวลามาทำไม คุณป้าไร้มารยาท นัดเขาไว้เป็นเดือน ปากพูดดี แต่การกระทำเชือดกันนิ่มๆ เลยนะป้า  ,0
ทำไมแบบนั้นอะคะ ไม่ใช่ต้องให้เกียรติกันหรอคะ ,0
ใช้สติปัญญาแยกแยะ ไม่งมงาย ,0
ยิ้มๆหัวเราะแต่ใจจริงแค้นอกแทบระเบิด55555,0
หน้าด้านไปขอเขาถ่าย,1
ไม่ได้ทำให้สังคมและประเทศชาติเดือดร้อน คิดดีทำดีได้ดีคะ,0
ต้องมาเจอผู้หญิง ความคิด ปาก ใจ การกระทําที่สกปรก แย่จริงๆ,1
ต้องนิมนต์พระ มาสวดไล่สิ่งไม่ดีออกจากร้านด้วยนะคะ,0
อีผีร้ายมันก็แสดงอาการเหมือนอยู่ในนรกทันที,1
ใครเอา2ตัวนี้ทำเมียซวยสุด,1
555 อีขี้ข้า,1
สมชื่อจริงๆๆ น่าสมเพส,1
เค้าตั้งใจสร้างความแตกแยกเห็นๆ แบ่งฝักแบ่งฝ่าย,0
ขายของต้องรู้ตัวอย่าเลือกข้าง ให้มันรู้จักกันไปเลย งานนี้,0
ป้าแกคงรังเกียจแหละ....ดูออก!,0
ดูกิริยามารยาทของบุคคล 2คนที่มาสัมภาษณ์ร้านนิตยาดูมีการศึกษาแต่ขาดมารยาทแสดงอากัปกิริยาหน้าสำรอกให้สมกับมีการศึกษา,0
สติแตก ,0
หน้าแหก 555+,0
คงเดือดสุด ไม่เคยโดนกระทำใง เคยแต่กระทำคนอื่น,0
พร่ำเพ้อประชาธิปไตย พวกล้าหลัง ,1
ไล่ออกจากร้านสมนำหน้า,1
ประจานตัวเองหรือไง,0
น่าสมเพศจริงๆครับผมไม่เคยเห็นสื่อช่องไหนๆที่เขามีกิริยาท่าทางแบบนี้เหมือนคุณเลย,1
แหกจริงๆๆ สมน้ำหน้า,1
คนจิตใจต่ำต่อให้ทำตัวสูงส่งแค่ไหนมันก้อยังดูต่ำอยู่ดีนั่นแหละ,1
คนป่วยมาทำรายการทีวีก็ได้หรอ?,1
เค้าพูดตอนไหน ว่า ไม่ต้อนรับคนเสื้อแดง,0
เห็นผี หน้าแหก,1
แสดงว่า รู้ตัวดี ,0
มันบ้า ,1
พูดออกมาได้.ปชต.,0
คนสมัยนี้เลอะเทอะไม่รู้อันไหนดีไม่ดีอายุมากซะป่าว,0
แสดงออกน่าเกลียดมาก,1
ดีนะยังพูดจาดี แต่ปากก็ชัดเจน ดีล่ะ กูก็ไม่กิน อยู่ได้ไม่ได้แล้วแต่,0
ใครเอาหมามุ่ยโรยเป้ากางเกงในหรอถึงได้เสียงแป๋นสั่นลลิกเลย,1
น่าไม่อายมากๆ ตลกหกฉาก,1
เราก็ไม่เคยดู จำชื่อได้ว่าถ่ายรูปเปลือยหน้าอกเมื่อนานมาแล้ว ซึ่งขี้ริ้วด้วยความหย่อนยาน  รูปออกมามืดตึ๊ดตื๋อ แกผิวคล้ำน่ะค่ะ,1
เมื่อไรคนไทยจะแยกแยะได้นะครับความเห็นต่างทางความคิดก็ต้องเคารพซึ่งกันและกัน ยิ่งเป็นสื่อยิ่งต้องระวังให้มากกว่าคนอื่นๆเพราะเรามีช่องทางที่อาจทำให้เขาเสียหาย,0
กลบเกลื่อนเสียหน้า แต่เก็บไม่อยู่ ไม่ได้อยู่เสื้อแดงไม่เป็นประชาธิปไตยหรือไง ,0
คำพูด ส่อ ภาษา กิริยา ส่อ สกุล,0
ท่าทางเหมือนถูกน้ำร้อนทั้งตระกูล,0
ผู้หญิงคนนี้ นิสัยก็โสเภณีอยู่แล้ว จากกิริยาท่าทาง การพูดจา มันบ่งบอกชัดเจนอยู่แล้ว,1
ไม่เป็นมืออาชีพ ไม่ศึกษาดูก่อนว่าเขาไม่ชอบเสื้อแดง มีเวลาตั้ง เดือน,0
พูดเองเออเอง สติแตก,0
ตำทรามได้ใจ,1
ใครได้อีนี่เป็นเมีย ซวยไปร้อยชาติ,1
ต้องการหาประเด็นหรือเปล่า,0
ปากกระโถน,0
พูดเองเอ่อเองอยู่คนเดียวโดยทีป้าไม่รู้เรีองถ้าสามกีบฉลาคนิดหนึ่งประเทศน่าจะเจริญมากกว่านี้,1
ไม่เคยรู้จักยายคนนี้มาก่อนพอดูคริบนี้แล้วยายคนนี้สตอมากมากเลย,1
ดูอาการเหมือนคนบ้าดีนะถ้าเป็นตรูบอกที่ร้านไม่ให้สัตว์ประหลาดเข้าร้าน,0
น้องเข้สองตัว,0
ตอแหล น่าตบ,1
ทำให้ถูกใจประชาชนคนอย่างผมมากต่อไปนี้จะไม่กินแล้วน้ำพริกคนเสื้อเหลือง,0
ไม่เข้าใจ.. เข้าไปหาเขาแล้วแขวะด่าเขาขึ้นมาดื้อๆ..,0
รักสถาบันฯและล้มเจ้าอยากเป็นเจ้าของประเทศไทยอย่างโทนี่เสื้อแดงรักแบบใหนเจ้าของร้านไม่ให้เข้า5555,0
เพ้อเจ้ออ้างแต่ประชาธิปไตยกล่าวอ้างเก็บอาการไม่อยู่พวกเสียดจังไรดีแล้วที่ป้านิดไม่ให้ค่าบุคคลเหล่านี้ถูกแล้ว,0
นิสัยสันดานมารยาทพวกควายแดงอันนี้มันเรียกตัวเองนะเหมือนกันหมดก้าวร้าวยั่วยุปลุกปั่นกันเองให้เกิดความแตกแยกสื่อส้นตีนผ่านการอบรมที่ไหนมา,1
ปลุกไม่ขึ้นแล้ว,0
คนเลว,1
เราก็ไม่เคยดูรายการมัน,0
นึกว่ามาจากศรีธัญญา,0
มึงไม่สงสัยบ้างเหรอเวลามึงไปแบนร้านไหนเขากับขายดีทุกร้านเพราะคนที่เขารักสถาบันมันมีเยอะกว่าควายแดงที่มึงเป็นอยู่ไงจำใส่สมองไว้,1
พูดเองเออเอง,0
ไม่มีมารยาท,0
ไม่เก็บอาการเลย หน้าแหก,0
เลวสุดๆ,1
เป็นร้านเราเอาไม้กวาดมาไล่เลยอีเลว,1
หน้าตาออกจะสวยทำไมไปร้องแร่แห่กระเชิงกลางตลาดแบบนั้นละคะ ไม่งามเลยค่ะ!!!,0
คนบ้า,1
เหมือนอีบ้า,1
คนบ้าเข้าร้าน,1
บ้า,1
ขยะไร้ค่า,1
ไม่แปลกใจ ในม็อบมีคนถ่อยๆ เยอะ,1
รู้ทั้งรู้ว่าเป็นที่อโคจรก็ยังเข้าไปร่วมกลุ่ม,0
ห้องเดียวกันเตียงเดียวกันแล้วยอมร่วมห้องร่วมเตียง มันก็แปลกๆอยู่นะ,1
ไม่มีสัจจะในหมู่ 3 กีบ เชื่อพ่อแม่ไม่มีทางเสียใจ แต่เชื่อพวก 3 กีบ รับรองได้ท้องไม่มีพ่อ,1
น่าสงสารสามกีบจัง ,1
พาตัวไปอยู่กับขยะ มรึงก็ขยะพอๆกะมัน,1
น้องก็ไม่ควรยอมตั้งแต่รู้ว่าต้องนอนเตียงเดียวกันในห้อง2ต่อ2ละครับ,0
3 กีบเสียอนาคตทุกคน,1
หล่อนชอบมิใช่หรือ ชอบชุมนุม ชอบมั่วสุม ,1
อ้าวแล้วเรียกร้องความเท่าเทียมนิ ไม่ใช่หรือ จะร้องทำไม งง สับสนตัวเองละเธอ,0
คนที่ไม่รักเครารพคนที่ควรเครารพก็คือคนไม่รู้จักผิดชอบชั่วดี,0
จากอายุของน้องเวลานั้นน้องควรจะอยู่ที่ไหนครับ อย่าห้าวเป้ง,0
เขาไม่ได้มีอาวุธ เขาไม่ได้ฆ่าใครตายสักหน่อย ,0
มันไม่ใช่การคุกคามทางเพศ  มันคือการผสมพันธุ์แบบสามกีบ ฮ่าาาา,1
พวกเดียวกันทั้งนั้นอุดมการเดียวกัน สามกีบเหมือนกัน,1
เรื่องคนอื่นพูดด่าได้ด่าดีแต่เรื่องตัวเองกลับพูดบอกใครไม่ได้ ก็สมควรแล้วละครับ ,0
มันก็ต้องแบบนั้นอยู่แล้วเพราะมีแต่คนถ่อยๆทั้งนั้นคน3นิ้วอ่ะคราป,1
ชอบอย่างนี้จัดให้เลยในม็อบมันมีอยู่แล้วยายเป้ายังกล้าแก้ผ้าเลย,0
เพิ่งจะรู้รึไง มันมีมานานแล้ว แต่ไม่มีใครออกมาพูด เพราะบางคนสมัครใจ บางคนกลัวตาย,0
ถ้ายังไม่เลิกไปยุ่งเกี่ยวกับไอ้พวกสามกีบสักวันต้องเจอ แล้วอย่าไปโทษใครนะ,1
พวกสามกีบมันไปผสมพันธุ์,1
เวลาคุกคามคนอื่นไม่รู้สึก พอถูกคุกคามร้องแลกแหกกะเฌอ,0
สามกีบทุกคนคงนึกว่าแนวร่วมชอบเซ็กเสรีทุกคนเพราะเห็นเรียกร้องกันจัง ,1
ต้นแบบประชาธิปไตยในกะลา ก็แบบนี้เวลาให้เคารพสิทธิ์คนอืนทำไม่ได้หรอก ,0
มันเป็นการแสดงประชาธิปไตยของสามกีบต่างหาก,1
ม๊อบฟรีเซก,1
ก็สมควรแล้ว และมันสมควรที่จะไปในที่แบบนั้น ไหมล่ะไม่เห็นใจครับ สถานที่เป็นที่ อโคจร ใคร บังคับให้ไปล่ะ,1
ดูพฤติกรรมที่แสดงกันอยู่โดยรวมแล้ว..ไม่น่าแปลก...เหมือนไม่น่าจะรู้สึกว่าถูกคุกคาม,1
พวกมึงยังไม่เคารพความคิดคนอื่นเลย3กีบแล้วจะมาเรียกร้องเอาอะไร,1
ก็ยังกล้าที่จะนอนห้องเดียวกัน,0
ทำตัวประเสริฐ อุดมการณ์ยิ่งใหญ่ แต่ไม่เคยยอมรับว่าในกลุ่มพวกเดียวกันเองนี่ก็มีพวกแอบแฝงมาเหมือนกัน,0
ต้องเสียสละให้พี่ๆแนวร่วมประชาธิปไตยนะอย่าคิดมากเลย,1
พกถุงหรือกินยาคุมทุกเวลาไปทำกิจกรรม,0
ตัวเองยอมร่วมห้องเอง,0
เรียกร้องปชต ถุงยางเกลื่อนเลยโควิทไม่กลัว,1
ปกติแล้ว แก้ผ้า ขี้เยี่ยวกลางถนน ม็อบก็มองเป็นเสรีภาพ ,1
นี้คือสันติวิธีของพวก3กีบ ชมชื่นผู้หญิง,1
อายุน้อยร้อยท้อง,1
กลุ่มนี้น่าจะหมกมุ่นในทางเลวทุกอย่างเสียมากกว่าคิดว่านะดูจากการกระทำและความคิด,1
ฟ้องเขาไม่ได้หรอกเพราะสมัครใจร่วมห้อง,0
สมน้ำหน้า,1
สมสู่พวกเดียวกัน ไม่จัดว่า ถูกคุกคาม กฎหมายข้ออื่นไม่รู้ รู้แต่คุกคามทางเพศซินะ,1
เสียตัวไม่เสียใจ พวกเดียวกันมันดี,1
เห็นชอบเรื่องแบบนี้กันนี่เรียกร้องกันทุกงาน,0
มีสามกีบที่รักนวลสงวนตัวด้วยเหรอ ความรู้ใหม่เลยนะเนี่ย,1
3 กีบ เขาเป็นอย่างนี้มาตลอด แล้วจะมาโวยวาย สาสสส,1
ถึงพวกเธออกมาไร่รัฐบาลถึงชนะพวกหนูๆก็ไม่ได้เป็นรัฐมนตรีหรอกหนู,0
อยู่ในดงอันธพาล เชื่อใจได้เหรอ เปลี่ยนความคิดเถอะ,0
โชว์ร่วมเพทกลางถนน แก้ผ้า โชว์ของลับก็พากันทำมาแล้วนี่จะเรียกร้องเอาอะไร?,1
ก็เลือกข้างแล้ว ต้องทำใจนะ,0
ขนาดตั้งหมู่บ้านข้างทำเนียบ ยังพบถุงยางเกลื่อนเลย,1
555 ขำเว้ยยย,0
ดีนะไม่โดนยาสลบ ถ้าไม่อย่างนั้น คลิปลับเต็มโซเชียล,0
ถือว่ามันเป็นประชาธิปไตยแบบสามกีบแล้วกันน่ะน้องยอมๆหน่อย,1
คิดจะแฉทำไมไม่กล้าพูดความจริงเอ่ยชื่ิอไปเลยให้คนทั้งประเทศเขารู้จักมันจะได้ไม่มีที่ยืนในสังคม,0
นี่เหรอผู้ที่จะมาปฏิรูปประเทศ,0
ถ้าโดน เชื่อเถอะ หาคนมาช่วยยาก แม้กระทั่งผู้สนับสนุนม๊อบ,0
เด็กเมื่อวานซืน,0
ประชาธิปไตยนะน้อง..สามกีบจะเอากับใครก็ได้เสรีภาพมิใช่เหรอ5555 อย่าโวย,1
ไม่รู้ว่าจะสมน้ำน่าดีหรือสมเพสดีคูณเข้าไปยุ่งกับพวกชั่วๆเองโทษใครไม่ได้,1
จะเป็นเหยื่อได้ไง ในเมื่อนอนเตียงเดียวกัน คนลูบคงมั่นใจแล้วว่ายอมเพราะนอนเตียงเดียวกันมันต้องยอม,1
ศีลเสมอกัน ทำเป็นรับไม่ได้,1
ว่างมากเหรอ ,0
ถ้าเป็นอีรุ้งมันคงปล้ำผู้ชายไปแล้วมัวแต่ลูบแล้วเมื่อไหร่จะใด้จิ้มไอ้ห่านั่นก็หื่นเกิน,1
คุกคามคนอื่นไม่เป็นไร พอโดนคุกคามมั่งทำร้องโวยวาย,1
กรรมแท้ๆ,0
สังคมยุคใหม่ฟอนเฟะหนักมาก,1
แล้วทำไมยอมนอนร่วมห้องเดียวกันสองต่อสอง. แบบนี้เขาคิดว่ายอมน่ะสิจ้ะ ,1
คนดีๆที่ไหนเขาจะไปกัน,0
ถ้าประเทศมันวุ่นวายนัก ก็ลาออกไปซะ ,0
เป็นการแสดงเชิงสัญลักษณ์เท่านั้น เขาไม่ได้ทำอะไรรุนแรงสักหน่อย น้องก็กลัวไปได้,0
มึงก็อยากด้วยป่าว มีที่ไหนให้ผู้ชายไปนอนด้วยเตียงเดียวกัน,1
เลวทุกตารางนิ้วจริงๆ,1
ออกมาชุมนุมกับกลุ่มขยะสังคมผสมพันธุ์กันไปมันส์ดีๆสะใจว่ะๆ,1
จะเข็ดมั้ยเนี่ยคบกับพวกนี้ อุดมการณ์เหมือนกันกลัวไร,0
ก็พวกเองชอบไม่ใช้หรือ,0
Sex คือประชาธิปไตย,0
จัญไร,1
ใครสงสารมันบ้าง555555,0
มีสามกีบไม่สึกหรอก,1
ใกล้นองเลือดแล้วมั้ง,0
ม็อบนี้เรียกร้องฟรีเซ็กส์ด้วยนะ,1
แกนนำหลักมีไม่กีคน,0
ความเงี่ยนไม่เคยปราณีใครเมื่ออยากก้าวเข้าหาก็ต้องรับดั่งคำที่ว่าทีทับไม่ร้องทีท้องจะให้รับใครจะไปรับละจ๊ะเพราะสนุกร่วมกัน,1
อ่อนต่อโลกจึงถูกชักจูงให้เชื่อแม้กระทั่งการเมือง เผลอๆอาจเสียของรักเสียอนาคตซะก่อนจะได้เปลี่ยนระบอบการปกครอง,1
ก็ชอบแบบนี้ไม่ใช่หรือ,0
ที่น้องพูดมาดูมันจะแย้งกับความเป็นจริงอยูนะถ้าคนไม่คุ้นเคยไม่สนิทกันก็คงไม่นอนห้องเดียวกันเป็นแน่ มันน่าคิดอยู่นะ,0
ซื่อบื้อ,0
สมน้ำหน้า ,1
สตอเบอร์รี่ครับ,1
สมน้ำหน้า,1
หน้าไม่อายไปใส่ร้ายผู้บริสุทธิ์,1
เสร่อมาก สมองนางความรีบงับโชว์ความเสร่อ,1
คนแบบนี้ต้องฟ้องนะหมิ่นคนอื่นจนชินจัดให้มันหนักๆเลย,0
หน้าแหก,0
เดียวดายไม่มีพ่อแม่สั่งสอน ,0
จะแซะเค้าทั้งทีก็หาข้อมงข้อมูลหน่อยเน้อ หน้าแหกลบโพสอย่างไว ,0
น่าเสียดายจริงๆ  ปากพาเสียคน บาปมากด้วย,1
บิดเบือน มั่วไปเรื่อย ,1
พูดมาได้ไม่รู้จักศึกษาข้อมูลให้ดีก่อนมีแต่เลียเอาใจนายหญิงคนใหม่หวังตำแหน่งทางการเมืองทุเรศสิ้นดี,1
ตาบอด ใจก็ยังบอดเหมือนเดิมนะ,1
อยู่สบายๆไม่ชอบ เป็นลูกหัดสงสารพ่อมั่งเหอะ ให้แกไปสบายๆ ,0
ข้อมูลบิดเบือนแบบนี้ หมิ่นประมาทชัดเจน,0
นิสัยเลวเหมือนกันนะโตแล้วมีสมองแล้วไม่มีความคิดหรือไงว่าอะไรเป็นอะไรเธอรู้ดีนิ,1
ฟ้องเลยค่ะ,0
เอาเวลาไปทำบุญพ่อตัวเองมากๆจะดีกว่านะ  อย่าทำแต่บาป,1
ความคิดของหมาหางด้วนก็เป็นแบบนี้แหละคิดว่าคนอื่นจะทำเหมือนตนเอง,1
อิจฉาริษยาจนกล้าเอาเรื่องโกหกมาพูด มีอะไรมาเทียบได้บ้างน่าสมเพชจริงๆ,1
หน้าแหกเลย,0
ถึงอยู่ในร่างเทพจิตใจก็ยังเป็นมารอยู่ดี พรรคและนักการเมือง ทุกระดับยังคงเป็นปัญหาใหญ่ประเทศนี้,0
ลูกใครก็ช่างนิสัยไม่ดี ก็อย่าได้ไปชื่นชม ดูคนอื่นไม่ก้มหน้าดูตัวเอง ความสามารถไม่ได้ครึ่งเขาแล้วยังยุ่งเขาอีก,0
พวกนี้มันไม่อายจริงๆ ความรู้น้อยจริงๆแถมไม่ขนขวาย,1
ผมไม่ได้ด่าใครนะ แต่ผมรู้สึกว่าคนที่มีอคตินี่มันจะโง่เขลา,0
เรียนกฏหมายมาแท้ๆเเต่พูดพล่อยๆไร้ข้อเท็จจริง,0
เดียเอาเงินจากที่ไหนมาทำศัลยกรรมน้า เออก่อนทำหน้าได้ตังตั้งเยอะนี่,0
ยังไงก็เห็นใจเพื่อนมนุษย์ด้วยกัน เราก็อยู่กันอย่างมีความสุขครับ,0
ข้าชั่ว เอ็งก็เลว ถูกต้องค่าาาา,0
ไงตอนที่พ่อตายพูดว่าไงคะ ไปมาทำไมคะลืมเหรอคะ ลืมแม้คำพูดตัวเอง น่าอายคะ อย่าลืมนะคะถึงใครไม่รู้ตัวเองย่อมรู้ดี ถ้าจำไม่ได้ก็ไปหาข่าวเก่าๆมาอ่านนะคะ,1
อยู่เฉยๆ ก็ไม่มีใคร ว่าเป็นใบ้ หรอกจ้ะ,1
คิดดีได้ดี แต่ถ้าคิดชั่วๆ  กรรมใครกรรมมัน,0
คุณเดียเอยป่านนี้ตายังบอดสนิทตามเดิมนะ เลยเวลาตาสว่างจริงๆ,0
อนาถจริงๆ,1
คงอยากเอาใจนายแหละ ดูออก,0
จะทำผิดผิดแบบนี้อีกกี่รอบ รู้บ้างไหมว่าแสดงถึงตัวตน,0
งานนี้อยากโชว์เพาเวอร์พิทักษ์ลูกนาย ไม่แน่งานนี้อาจมีงานงอกเรียนกฎหมายมาไม่ใช่เหรอ,0
ทนายต้องฟ้องให้เข็ดพวกมโน,0
ก่อนโจมตีเขาดูอายุพ่อเขาด้วย อายุห่างจากพ่อเธอไม่เท่าไหร่หรอก,0
หน้าแตกอีกตามเคย  ข้อมูลไม่เเน่นอย่าออกมาพูดเลย,0
อย่าปล่อยให้เหิมเกริม หมิ่นคนไม่ดูตาม้าตาเรือ ใครมีหน้าที่จัดการด้วยก็ดี,0
รู้เรื่องคนอื่นแต่ไม่รู้ใครฆ่าพ่อตัวเอง,0
พวกเขาว่างงานไม่มีอะไรทำให้มีประโยชน์แล้วหรือไงขนาดจะแซะยังมั่วซั่วผิดๆถูกๆ ไม่หาข้อมูลก่อนเลย,0
หน้าตาดีใจอย่าต่ำ ตาดู หูฟัง ระวังปาก ศึกษาศีล ธรรม ปฏิบัติ ใจจะได้สูงขึ้น ระวัง ดูแลตัวเองให้ดี พอ,0
ไม่ต้องไปว่าใครเค้าหรอก ดีชั่วเราเองรุ้อยุ่แก่ใจเราเองดี เอาเวลาของเราไปนั่งพิงจรณาตัวเองว่าเราดีหรือยัง ค่อยคิดถึงเรื่องคนอื่น,0
หัดคิดดีทำดีบ้าง อย่านึกว่าเป็นสิ่งดี,0
อย่าลืมกำพืดตัวเองนะคะ,0
น่าสงสาร,0
อายมั้ยอะ,0
ยังไม่รู้สำนึกอีกหรือครับ,0
ถ้าเขามีมันสมองคิดเขาคงจะไม่ทำตัวแบบนี้,0
มีปากก็พูดไปเรื่อยระวังเวรกรรมจะเข้าตัวเองนะ,0
เอาความเท็จมาใส่ร้ายคนอื่นส่อถึงสันดานคนพูด,0
อนาถใจจริงๆ นะมึงนี้,1
ทำดีได้ดี ทำชั่วกรรมตามสนองแน่นอน,0
คนเก่งอย่างไรก็เก่ง เข้นกันฉันใดฉันนั้น คนโกงก็หาเรื่องชวนตี  ,0
ชีวิตจริงคือนิทานเรื่องหนึ่งที่ไม่มีวันจบ แม้แต่สัตว์มันก็ยังโกหกหลอกลวงกันหลอกลองเหยื่อเลยแล้วคนมันจะต่างไรกับสัตว์,0
คนเราจิตใจต่ำตม ไม่ช้าก็คงจะตามพ่อไป ไม่ช้าก็เร็ว,1
ฟ้องร้องได้เลย,0
คนเลว ก็มีสมองเลว ไม่แปลก ช่วยกันสมเพชมันเถอะ,1
หน้าแตกมั้ย,0
กล่าวหาคนอื่นมั่วๆต้องรับผิดชอบ,0
บางทีก็สงสารนางนะ,0
สำเนียงส่อภาษา กิริยาส่อสกุล,0
ไม่ชั่วทำไม่ได้นะ,0
กระทำกรรมสำเร็จเรียบร้อย ดูผลของการกระทำกรรมต่อไป,0
สะใจมากๆเลยอ่ะข่ะ หน้าแหกยับเยิน ,0
ได้เลือดความชั่วๆเลวๆจากพ่อมาทั้งตัวเลย,1
น่ารักเสมอ,0
ประเทศถ้าไม่มีประชาชนมันอยู่ไม่ได้นะ ประชาชนส่วนใหญ่ของประเทศ ทำงานเสียภาษีให้รัฐ รัฐเอาเงินภาษีไปพัฒนาประเทศ ,0
เปรตโดนน้ำร้อน,1
หน้าด้านมากๆ กล่าวหาว่าคนอื่นเลวมาก,1
เก่งเรื่องใส่ร้ายคนอื่นไม่มองตัวเองเลยน่าสมเพส,1
หน้าก็สวยแต่โง่ไปหน่อย,1
ฉลาดน้อย ,1
คนเหยียบศพพ่อเข้ามาเล่นการเมือง คงไม่เรียกว่าคน,1
อยู่บ้านทุกวัน แต่ยังไม่ได้ฉีดสักเข็มเลย,0
ถ้าเหล้าไม่หมดเก็บไปกินต่อที่ห้องจะเป็นไรไป,0
จะแซะอะไรก็รู้จักใช้สติและปัญญาบ้างนะคะ,0
คนสองหน้าสองพรรคสองพวกคบไม่ได้,1
สวยใส สมองตืันชิบ!,1
พ่อมันถ้าฉลาดมันก็คงไม่ตายแบบอนาถแบบนั้น ลูกฉลาดหรือไม่คิดเอาเอง.,1
โง่แล้วยังอวดฉลาด น่าสมเพชจริงๆ,1
ขี้ข้าโจรยันเงา,1
พ่อตายยังไม่รู้เลยใครลงมือ,0
ฟ้องไปเลย,0
สมน้ำหน้า มีสมองไว้คั่นหูของจริง,0
มาจากอดีตใช่มั้ย,0
หวังจะมาแซะเอาใจนาย,0
เอาสมองส่วนใหนคิด,0
เลว,1
ถ้ารู้น้อยก็พยายามเงียบเสียนะ,0
จัดกรงให้มันซะ,0
อเมริกาเค้าก็ทำแบบนี้เหมือนกัน,0
ฟ้องเลยค่ะ เอาให้เจ็บ,0
เข้าที่ผิดชีวิตเปลี่ยนไม่หาข้อมูลก่อนพูดชีวิตพัง,0
น่าสมเพชเวทนาคนหิวแสง,1
ไม่น่าย้ายค่ายเลย ไม่มีข้อมูลดีๆ เสพแต่เฟคนิวส์เลยกลวงขึ้นทุกวันๆ,0
จะเชิดชูนาย ลูกสาวนายกฟ้องเลย,0
คนชั่วก็คงคิดได้แต่เรื่องชั่วๆ,0
ปากพาจนกำลังคืบคลานเข้ามาใกล้แล้วตกงานแน่ๆ,0
อย่าไปให้ราคากับคนแบบนี้,1
สักแต่พูดแต่ไม่ค้นหาความจริง,0
คนไม่มีสมองคิดเป็นอย่างเดียวไม่อยากพูดอะไรคนแบบนี้มันต้องเอาสมองหมาปัญญาควายชอบของนี้กินไม่หมดนะครับก็เอากลับบ้าน,1
สมัยนี้น่ะจร้าไม่ใช่สมัยก่อนจะได้ไม่ค่อยได้รับรู้อะไรสมัยนี้เข้าถึงโชเชียลเกือบทุกคนแล้วน่ะอย่าลืมสิ,1
ช่องสลิ่มนี้สุดยอดฝีปากในการโจมตีผู้เห็นต่างไอ้ตัวผู้ตัวนี้ได้น้ำเชื้อเหี้ยมาเกิดแน่,1
มันช่างไม่อายจริงๆขี้ข้า,1
คนจะเชื้อดีกตัญญูหรือจะเชื้อคนอกตัญญูทั้งผู้ให้บังเกิดเกล้าและแผ่นดินเกิด,0
ลูกนายกไม่เคยไปยุ่งกับพวกมันเลยโดยเฉพาะเรื่องการเมืองเสือกไม่เข้าท่าน่าไม่อาย,0
หัวมีใว้บ่นบ่าแค่นั้นเอง,0
สงสัยอยากไปอยู่กับพ่อ,0
เชื้อไม่ทิ้งแถว,0
เห็นเงียบไปเสียนานกลับมาก็โง่ก่าวเดิมอีก,1
ไม่เจียมตัวน่าอาย,1
อิวัวไร้จุดยืน,1
พวกนี้มันเหมือนกันหมดเก่งแต่เรื่องโกหก,0
หิวแสง,1
3 กีบชอบพูดเอง ข้อมูลเยอะแยะ แต่ไม่ดู,1
หมดคำพูด,0
นึกว่าทำสวยแล้วจะฉลาด แต่ฉลาดน้อยไปนิด,0
มันก็เลวอีกคน,1
ลูกไม้หล่นไม่ไกลต้น,0
เขาเรียก โพสต์ไม่คิด,0
หน้าแหกมั้ง เลยลบ,0
นักข่าวไม่เป็นกลาง ไปอยู่ค่ายไหนเจ๋งทุกข่าย,0
คนลักษณะแบบนี้บอกได้เลยครับว่า หน้าไหว้ หลังหลอก,0
นางหมดอนาคตไปนานแล้วคนแบบนี้,0
คนชั่วก็คือคนชั่ว,1
ความเป็นคนเช่นไรไม่เคยเปลี่ยนแปลงได้  จะคงอยู่ในสันดานของบุคคลผู้นั้น,0
คนประเภทนี้ไม่ควรได้รับโอกาสให้มีที่ยืนในสังคม,0
ปากเสียแบบนี้ต้องดำเนินคดีให้ถึงที่สุด หยาบคาย กร่าง นิสัยเสีย,1
ไม่แปลกใจทำไมมีแต่คนเกลียด,0
ปากปลาร้า ปากดีจนเกือบจะเข้าคุก,1
คนดีชอบแก้ไข คนจัญไร ชอบแก้ตัว,1
คงไม่ได้สำนึกผิดหรอก,0
มันเกิดจาก สันดาน ที่ลึกถึงกระดูก ไม่สามารถเปลี่ยนได้แล้ว,0
สำนึกผิด รู้เท่าไม่ถึงการณ์ ,0
เป็นไงละเห็นกรรมหรือยัง สนุกปากดีนัก,0
เห็นหน้าก็ตกใจทุกที,0
หน้าตา  พอๆ กับนิสัย  พอๆ  กับบุคลิกภาพนาง  ,1
ขอโทษเพื่อให้จบ แต่สำนึกยังคงเดิม,0
ฝ่ายกฏหมายควรลากคอมาทุกคน ถ้าจะขอโทษควรอัดคลิปและนำมาเปิดให้ประชาชนเห็น,0
ไปถึงทางตันก็อ้างรู้เท่าไม่ถึงการถ้าเป็นคดีขึ้นมาก็อ้างสิ่งนี้,0
ถ้าไม่เด็ดขาด ต่อไปใครมันจะกลัวกฎหมาย เฮ้อ เหนื่อยใจจัง,0
ถ้าเป็นแบบนี้วันหลังไม่ควรไปแจ้งความดำเนินคดี มันเสียเวลาทำงานของตำรวจเขา,0
ปากกล้า ขาสั่น คนแบบนี้จัดให้,0
หน้าตามันบ่งบอกว่าอีนี่เหี้ยสุดๆ,1
กฏหมายอ่อนแอเกิน,0
ตั้งใจทำงาน ทำมาหากินของตัว,0
ช่วยกันทำให้บ้านเมืองสงบ ลดความขัดแย้งกันเองในชาติ,9
รักชาติ รักบ้านเมืองเป็นน้ำหนึ่งใจเดียว เพราะเป็นบ้านของเรา,0
สวยตรงใหน,1
สามกีบมันก็ด่าสนุกปากละทีนี้,1
ผมว่าว่าใจอ่อนไปน่าจะทำตามกฎหมายให้ถึงที่สุด โดนเขาแขวะก็ต้องรับผลที่เราปล่อยเขาง่ายไปครับ,0
ไม่ควรให้อภัยนะ ไม่สำนึกแน่ๆ น่าจะเอาเข้าคุก,0
ไม่ต้องยกโทษ ไม่ต้องให้อภัย เพราะเขาเป็นคนรู้เท่าถึงการณ์อยู่แล้ว,0
เป็นกำลังใจให้เสมอค่ะ,0
คนพวกนี้ไม่มีคำว่า สำนึก ต้องใช้กฏหมายให้ถึงที่สุด,0
การให้อภัยเพื่อนมนุษย์ดีที่สุดถึงแม้จะไม่ได้รับความจริงใจกลับมาแต่ใจของผู้ให้อภัยเป็นสุขก็พอแล้ว,0
ดูหน้าตาเขาก็แล้วกัน เห็นแล้วขนลุกไม่กล้าคุยด้วยใกล้ๆ,0
สุดท้ายก็ปากกล้าขาสั่น ,0
ต้องว่ากันไปตามกฎหมายผิดถูกก็ไปแก้ข้อกล่าวหากันที่ศาลครับ,0
สู้ให้ถึงที่สุด 555 พูดอย่างยิ่งใหญ่  ตอนขอโทษ ค่อยค่อยพูด เหมือนที่เจ้าตัวเคยด่าผู้อื่น,0
ต้องฟ้องให้ชดใช้ ,0
คุกยังมีพื้นที่ว่าง,0
วิจารณ์นายกได้ถ้าเป็นเรื่องจริง ไม่ใช่สร้างเรื่องโกหก,0
เดี๋ยวก็ไหว้สวย รู้เท่าไม่ถึงการณ์อีกหรอก555555,0
คนอย่างนี้ไม่มีสำนึกหรอกเเค่ไม่อยากติดคุก,0
คนแก่งรู้เท่าไม่ถึงการณ์,0
คนดีชอบแก้ไข คนจัญไรชอบแก้ตัว อย่าให้มีที่ยืนอยู่ในสังคมถึงจะดี,1
อย่างนี้เขาเรียกว่ากล้าเลียน้ำลายตัวเองครับ,1
อิน้ำเน่า,1
ต้องขังสถานเดียวคนแบบนี้อย่าอภัยให้,0
เดี๋ยวก็มีคนยื่นหลักฐานเพิ่มเติม,0
คนแบบนี้ จะคิดแต่เรื่องผลประโยชน์มาก่อนเสมอ ปริ้นปร้อน คำพูดเชื่อถือมิได้ อย่าไว้ใจคนแบบนี้,0
ไม่น่าให้อภัย คนอย่างนี้ไม่สำนึกหรอก น่าจัดเต็มให้ไปด่าในคุก,0
ส่งศาลฟ้องดีที่สุด ให้เป็นไปตามกฏหมายดีที่สุด,0
แค่ดูหน้ามันก้อรู้แล้วคนอย่างนี้ไม่มีทางสำนึกผิดแค่สตอเอาตัวรอด,1
ดูรูปร่างหน้าตาแล้วไม่เชื่อว่าจะกลับตัวเป็นคนดี  สำเนียงส่อภาษา  กิริยาส่อสกุล,1
เก่งแต่ปาก เก่งแต่ในรูดาก,1
หน้าตามันอสุรกายชัดๆ,0
เอาให้หนักสำนึกผิดก็ไม่ผิดก็ดีสิครับ,0
คนแบบนี้มันต้องจัดให้หนักนะ,0
ต่อไปมันจะเข็ดหลาบได้อย่างไร  โอกาสมันควรมีไว้สำหรับคนทำผิด ดัวยการพลั้งเผลอ ควรงดให้โอกาสแกคน ทำผิดโดยสันดาน,0
ไม่ยอมรับผิดแล้วเสียค่าปรับทำไมไม่สู้คดีละ,0
เราว่าอยู่ในสายเลือดไปแล้ว แก้ยังไงก็ไม่หาย พ่อแม่เราใครมาดูถูก เรายังแค้นและเสียใจ  นี่คุณว่าด่าคนหลายๆคนขนาดนี้ บาปกรรมมันจะตอบสนองคุณจำคำเราไว้,0
ตอนด่า ด่าออกสื่อ  ตอนสำนึกผิด ออกทะเลเงียบๆ,0
แจ้งจับพวกยายป้าเป้าด้วยด่านายกแทบทุกวันด่าหยาบคาบมากๆ,0
ไม่สำนึกหรอก  ,0
กาคือกา หงษ์คือหงษ์ กรวดหรือจะสู้เพชรได้,0
ควรดำเนินคดีให้ถึงที่สุด อย่ายอมความ เพื่อเป็นเคสตัวอย่าง,0
ด่าคนอื่นได้ ถ้าคนอื่นด่าพ่อแม่มันบ้างจะรู้สึกบ้างไหม,0
หมดคนหนุนหลัง ถ้ามีคนหนุนหลัง อย่าหวังจะสำนึก,0
เจ้านายไม่คุ้มกะลาหัวแล้วถึงเอามาอ้างรู้เท่าไม่ถึงการ,0
ทั้งนี้ทั้งนั้นมันอยู่ผู้กระทำคุณจะอยู่ในสังคมอย่าง อย่ามั่นใจอะไรให้มันเกินร้อยพอผิดพลาดมันก็เจ็บอย่างนี้แหละ ยังอายุน้อยไม่สายที่จะกลับตัว,0
นึกอยู่แล้ว ว่าต้องเป็นแบบนี้,0
ฉันจ่ายภาษีทุกปี อยู่เย็นเป็นสุขดี ประเทศไทยของฉัน,0
บางคนเขาแยกกันไม่ออกหรือไร? การวิจารณ์ กับ การด่า มันมีส่วนต่างกันอย่างมากมายอยู่นะ,0
ทำใมปรับถูกแท้มันก็แกล้งสำนึก,0
นางงามมารยาทตลาดสด!กริยาวาจาสลัมจริงๆ,1
สันดานขุดไม่ได้ สันดอนขุดได้ ฉันใดก็ฉันนั้น,1
สำนึกผิด หรือไม่ ไม่ทราบ อยู่ที่ตัวเขาเอง เวลาเป็นเครื่องพิสูจน์,0
คนอยาดังแต่ดังทางที่ผิดๆก็ไม่ถูกนะ,0
คนแบบนี้เก่งไม่จริง และไม่มีใครเขาเอาด้วยกลัวตายเดี่ยว,0
สวยตรงไหน,1
สยองจัง,1
"ยังใช้คำหยาบคาย  ดำเนินคดีให้ถึงที่สุด""",0
หมิ่นอีกครั้งเอาเข้าคุก,0
ดูหน้าตาเขาด่า ปากกว้างอยุ่แล้วยิ่งกว้างไปถึงหู  ไม่ต้องให้อภัย คนแบบนี้ แค่เลี่ยง ไม่เชื่อว่ามาจากใจจริงหลังชนฝาแค่เอาตัวรอด,0
ประเทศไทยมีกฎหมายนะจ๊ะรู้ยัง,0
มีโอกาสแล้วยังไม่สำนึก พลาดมาคราวนี้เขาคงไม่ให้อภัยแล้ว,0
อย่าให้ราคาคนอบบนี้คงไม่มีคนคบหรอกคงหาความจริงใจยากใครคบ,0
ช่วยทำให้เป็นตัวอย่าง พวกหยาบคาย พูดยุแยงสร้างความเกลียดชัง อีกอย่างเลิกได้จริงหรือ พฤติกรรมแบบนี้ น่ากลัวจริงๆ,0
เชื่อเหรอว่าน้ำเน่าจะสำนึกผิดจริง ขนาดความหมายของคำว่าติเตียนกับคำว่าด่านางยังแยกไม่ออกเลย,0
เกิน รักษา อาการหนักแล้ว,0
สันดานมันฝังลึก จะให้เปลี่ยนง่ายๆคงยาก,1
น่าจะให้ทำคลิปขอโทษด้วยนะ เวลาด่านี่หน้าลอยไปมา,0
ถอดแจ้งความมันทำใม  พวกแบบนี้  ต้องเอาให้หนัก,0
กราบอย่างงาม555,0
คุกอย่างเดียว,0
หนังหน้าแบบนี้ ไม่มีทางสะกดคำว่าสำนึกผิดเป็นหรอก มีแต่ดันทุรังไปหน้าว่าข้าถูก,1
คิดไม่ได้ไม่ต้องขอโทษหรอก เข้าป่าไปเถอะ,0
ไปให้สุดสิคนเก่ง,0
การด่ากับวิจารณ์ ภาษามันต่างกัน คนแก่ไม่มีการศึกษายังรู้,0
ต้องดำเนินการทางกฏหมายอย่างจริงจังครับ ,0
สภาพ,0
ความเลวอยู่ในสารดาน และหน้าตาผญ.คนนี้,1
ปากมันไม่มีหูรูด ถ้าหากทำอีกไม่มีการยอมความเอาให้ชัดจัดหนักไปเลย,1
พวกนี้ถ้าเอาจริงขาสั่น,0
หายไปไหนแล้ว ปากดีนัก ,1
แน่จริงก็ทำงานให้เก่งเหมือนปาก,1
หวังหาสำนึกคงยากครับ คนแบบนี้ รอธรณีสูบ เท่านั้น,0
555555 รู้เท่าไม่ถึงการตลกจริงๆดูกันนะ,0
ความชั่วมันเข้าไปในเส้นเลือดละแก้ไขยากคนแบบนี้,1
ไม่สำนึกจริงอย่างที่ปากแพล่ม จัดต่อๆเลยค่ะ,1
ด่าไปเถอะลุงทนได้5555,0
เก่งหน้าจอ,0
 กริยา อาการ น้ำเสียง การแสดงออก  นี่นะหรือตัวแทนหญิงไทยที่พวกคุณเลือกเข้ามา,0
ปรับมันสักห้าล้านแล้วค่อยยกโทษให้,0
แก้ผ้าเอาหน้ารอดใช้ได้เสมอ,0
หัวเป็นอย่างไร หางเป็นอย่างนั้น ลูกพี่เป็นอย่างไร ลูกน้องเป็นอย่างนั้น,0
บอกแล้วว่ามันไม่สำนึกจริง  แค่กลัวความผิดเท่านั้น ให้อภัยเดี๋ยวมันก็ทำอีก เชื่อเหอะ,0
นางใช่คนไทยปะหน้าเหมือนคนบ๋องๆบวมๆเป็นนางงามได้มายังไง,1
อย่าไปหลงเชื่อคนแบบนี้เลย สำเนียงส่อภาษา กิริยาส่อสกุล ไม่มีทางสำนึกได้หรอก เห็นตอนมันด่าคนไปทั่วแล้ว บอกเลยไม่มีทางสำนึกจริงแน่นอน,1
เป็นผู้หญิงที่อัปลักษณ์ที่สุดที่ผมเคยเห็นมา,1
สัตว์บางตัวก็เกิดมาเป็นแค่ปรสิตค่ะ,1
ตามหาคนหาย,0
หมิ่นผู้นำประเทศจ่ายค่าปรับ2000 ,0
แจ้งดำเนินคดีอีก,0
สยอง 555555 ขยะแท้ๆ,1
สำนึกผิดเพราะหมาย คงจะช้าไป ถ้ายังแยกไม่ออกว่าอะไรคือวิพากษ์วิจารณ์ อะไรคือด่าทอ อะไรคือใสร้าย อาจจะโดนอีกหลายหมาย,1
ทำไมดูสยองขนาดนี้,1
ไหว้ ขอโทษ รู้เท่าไม่ถึงการ ยังใช้ใด้เสมอ,0
ไม่หน้าให้อภัย คนพวกนี้ไม่มีทางสำนึก,0
ไม่เชื่อคอยดู,0
เด็กแถวบ้านสวยกว่ามันตั้งเยอะ,1
มันง่ายไปเปล่าเวลาพูดจาหยาบคาย   คำว่ารู้เท่าไม่ถึงกาลเด็กๆเขาพูดกันพูดมาขอโทษแบบไม่จริงใจ,0
อีนี่จะสำนึกได้หรือ ,1
เป็นนางงามที่น่าเกลียดที่สุดทั้งหน้าตาและกิริยา,1
เรื่องงานด่ากันได้แต่อย่าให้มันหยาบคาย ว่ากันเรื่องงานอย่างเดียวตำหนิกันได้ แต่เอาแต่เรื่องจริงๆนะ,1
น่าจะเริ่มรู้สึกตัว แต่ มันคงไม่ทันแล้วแหละ,1
คำพูดของคุณไม่ใช่วิจารณ์คับ,0
ดีจังสองพันก็ด่านายกได้ถูกชิบหายเลย,0
คนแบบนี้ทําอะไรก็ไม่เจริญก้าวหน้า,0
รอวันโดนเท,0
ก็อยากให้อภัยเขาเอง,0
ผิดหวังสามกีบจัดๆ ไปไม่สุด,1
เป็นไงล่ะไอ้พวกสามกีบ,1
ไม่ต้องขอโทษหรอก รอไปศาลที่เดียวเลย,0
เสียดายกฏหมาย ทำอะไรไม่ได้มาก ,0
หมดสภาพ ,0
นางมารร้าย,1
คนแบบนี้ไม่เจริญหรอก,0
บอกได้คำเดียว หมดอนาคต,0
พวกนี้ไม่เห็นโลงศพไม่หลั่งน้ำตา,0
ไม่รู้จัก555,0
ดูหน้าแล้วคนแบบนี้ไม่สำนึกจริงหรอก ก่อนตายจะสำนึกบ้างหรือเปล่าสิ  โตมายังไง หยาบคายขายตัวเองได้บ่อยๆ แบบนี้มันนิสัยถาวรแล้ว,1
อันนี้ไม่ใช่วิจารณ์ อันนี้เรียกด่า และหมิ่นนะ,0
เวลาด่าคนอื่น ลอยหน้า ลอยตา ถึงจุดยกมือไหว้ มันไม่ใช่นะ,0
หมามันเคยกินขี้ มันอดใจไว้ไม่ไหวหรอกครับ,0
โบราณว่า หมาเห่ามันจะไม่กัด,0
สวัสดีคะ,0
คุณวิจารณ์ได้แต่อย่าหมิ่นคนอื่น ถ้าคนอื่นหมิ่นตนบ้างจะรับได้ไหมละ,0
สำนึกดี อยู่ในคนดีนะจ้ะ,0
กูละเบื่อ พวกรู้เท่าไม่ถึงกาล,0
สำนึกผิดแล้วให้อภัยเท่ากับได้ด่าฟรี,0
ไม่สามารถนำกลับมาใช้ประโยชน์อะไรได้เลย,0
น้องเขาพูดจริงหรือเท็จ,0
มาขอโทษทีหลังได้เหรอ,0
ไม่มีทางเจริญได้แน่คนๆนี้ จิตใจต่ำตมจมดินจริงๆ ขุดความดีไม่ขึ้น ,1
ไม่นึกว่าจะเป็นคนแบบนี้ ความงามที่สูญเปล่า,1
หิวแสงนะ,1
ใจทราม จิตใจสกปรก,1
ต้องจิตใจทรามเป็นพื้นฐานก่อน,1
จิตใจตกต่ำมากคิดได้งัยนี่,1
น่าเสียดาย,0
ใจทรามจริงๆคิดใด้แค่เนี้ย,1
สมเพช,1
จิตใจตกต่ำ เหมือนบัวในโคลนตม,1
ข้างนอกสุกใสข้างในมีโพรง ,0
ผู้หญิงอำมหิต น่าสมเพช ,1
ขาดความอบอุ่นในครอบครัวมาตั้งแต่กำเนิดมันถึงมีคงามคิดต่ำตมแบบนี้,1
ถ้ามันไม่เลวทรามต่ำช้าจริงๆ มันไม่กล้าทวิตแบบนี้หรอก,1
ไม่เคยชอบคนนี้เเละไม่ได้เกลียด ,0
จิตใจโคตรสกปรกจริงๆ,1
งามทั้งกายและใจ,0
ไฟกำลังเผาตัวเขาเองน่าสงสารจัง,0
แย่มาก,1
มีแต่กะโหลก แต่ไม่มีรอยหยักในสมอง,1
เสรีภาพมันถึงมากมายจนลืมความถูกต้อง,0
อีสถุนใจต่ำทรามอีชาติชั่ว,1
ทำไมเธอถึงมีความคิดชั่วร้ายอย่างนี้ ระวังตัวเธอเองจะถูกเผาเพราะจิตใจที่ต่ำช้า แทนที่จะมีความเมตตาต่อผู้ประสบภัยและผู้เสียชีวิตเธอกลับคิดชั่วได้เสียของจริง ๆ,1
ชีวิตคงหดหู่ตลอดเวลา,0
ใจทราม,1
ใครได้ไปเป็นเมียละก็ชีวิตคงสุขพิลึก,1
อีสามกีบเลวมาก,1
ดำเนินคดีกับพวกนี้อย่างเด็ดขาดและเร็วที่สุดไม่ให้เป็นเยี่ยงอย่าง,1
ระวังกรรมติดจรวดนะจ้ะ,0
ไม่คิดจะใจทรามได้ขนาดนี้,1
การศึกษา ไม่ได้ช่วย,0
ต่ำตม,1
น่าอายมากๆ,1
ใจทราม,1
ชั่ว,1
จิตใจไม่งามแถมจิตใจสกปรกด้วยโจมตีรัฐบาลอย่างไม่ลืมหูลืมตาทั้งๆที่ตัวเองก็ไม่ได้มีดีสักอย่างคงสวมหัวโขนอยู่เลยคิดว่าตัวเองเก่งเหลือเกินทั้งๆที่ความจริงโง่,0
ขอแสดงความเสียใจ,0
ขอแสดงความเสียใจกับครอบครัวน้อง,0
รักกันช่วยเหลือกันคนไทยทุกๆคน,0
เห็นได้ชัดเลยว่าขาดความยับยั้งชั่งใจขาดสติปัญญา ,0
พวกสามกีบนั้นละ ปลอมเฟสคนอื่น ช่วงนี้กำลังกระหายเงินของพวกสามกีบ จะเอาเงินไปทำม็อบต่อ ครับ,1
ความคิดและจิคใจ สวนทางกับหน้าตาจริงๆ ,1
สวยแต่ใจไม่สวยเลย ,1
ชอบ,0
3 กีบด้อยปัญญา ,1
ความสวยมีไม่มากเท่าไหร่ แต่ความจัญไรทางความคิดนี่มีมากจริงๆ สมองกลวง,1
หน้าตาไม่ได้บอกถึงจิตใจเลย,1
จิตใจมันสกปรก มันก็ตกนรกในใจตัวเองอย่างนั้นแหละ,1
ขอแสดงความไว้อาลัย,0
จิตใจทราม,1
สวยแต่รูป,1
ภูมิใจมากที่เกิดมาเกิบจะเป็นคน55555,0
จิตใจอำมหิต,1
ใจดำพอๆกัน,1
หมกมุ่นมาก,0
ขอให้ทุกคำที่เธอพ่นออกมา ย้อนกลับไปหาเธอ,0
สาธุๆสาธุๆ,0
แล้วที่เวลาสัมภาษณ์จะทำดีมีประโยชน์ต่อชาติบ้านเมืองก็ตอบไปงั้นๆสิ,0
ขอไห้น้องสู่สรวงสวรรค์นะลูกคนเก่งของชาติ,0
มือไม่พายแต่เอาเท้าราน้ำคนแบบนี้เลว,1
ขอให้ผู้ใหญ่ เมตาช่วยเหลื่อเจ้าหน้าที่ทุกท่านที่บาดเจ็บและ เสียชีวิต,0
หน้าสวยใจร้าย,1
หลับให้สบายเทอญ,0
จิตใจต่ำทราม ขอให้ชีวิตคุณตกอับตลอดชีวิต ,1
ตัวดำแล้วจิตใจยังดำกว่าตัวอีก,1
ไม่มีสมองคิด,1
ในยามนี้เราสามารถแยกแยะคนดีคนชั่วใด้มากขึ้นเลื่อยๆ มันชัดเจนจริงๆ,0
ใจงามมากๆ,0
ขอให้สิ่งที่พวกมันทำกับครอบครัว,0
อย่าหาทำกรรมติดจรวด,0
ขอให้เจริญด้วยอายุ วรรณะ สุขพล ประสบความสำเร็จเจริญรุ่งเรื่องในหน้าที่การงานด้วยเทอญ,0
ชั้นต่ำที่ไม่มีทางพ้นจากโคลนต้มของใจตัวเอง,0
ทั้งสวยทั้งเก่งทั้งฉลาดงามทั้งภายนอกเเละภายในจริงๆ,0
ต้องตามจับให้เด็ดขาด กับพวกนี้,0
อีนี้แหละที่ตกต่ำกว่าคนอื่นคงเป็นเพราะนางมีทัศนคติด้านลบอยู่เต็มตัว สวยแต่รูปจูบไม่หอม ,1
สงสารมากค่ะ,0
ใจทรามแห่งปี,1
เกรดต่ำมาก,1
พูดแบบนี้แย่จริง,1
จิตใจที่คิดร้ายมันแสดงออกทางหน้าตา ,1
คนจะงามงามที่ใจใช่ใบหน้า,0
คนจะสวยสวยจรรยาใช่ตาหวาน,0
คนจะแก่แก่ความรู้ใช่อยู่นาน,0
คนจะรวยรวยศิลทานใช่บ้านโต,0
รุ่นเก่าๆนี้เขามีแต่ช่วยสังคมนะ,0
พระเจ้าบอกว่าให้เรารักเพื่อนมนุษย์ด้วยกัน ,0
จิตใจอัปลักษณ์ต่ำตม ,1
สวยมีสมอง,0
ความเห็นทางการเมืองต่างกัน,0
หลักฐานครบ,0
มาตรฐานตกต่ำมากๆ ทั้งหน้าตาและจิตใจ ,1
สุดยอดค่ะ,0
ถ้ามีสมองคงไปทำอาชีพอื่นแล้วค่ะ ,1
คนจิตใจต่ำทราม หากินกับความตาย ของคนสุดยอด,1
ใจทราม ต่ำตม ,1
ขาดคุณธรรม จริยธรรมขั้นรุนแรง,1
เป็นคนไทยที่ใจทรามสุดๆ,1
น่าไปอยุ่ประเทศอื่นนะ,0
เราคนไทยจะโกรธ จะเกลียดยังงัย ก็ไม่ถึงขนาดจะเอาไปเผากันให้ตาย ให้รับกรรมไปตามที่แต่ละคนทำมา ,0
ไฟนรกจะเผาตัวเธอมากกว่า,1
คิดได้ไงจิตใจเธอยังเป็นคนรึเปล่า,1
จิตใจทำด้วยอะไรกัน,0
ใจต้องเลวทรามจริง,1
พูดจาจิคใจเป็นคนเมตตาหวาน แต่เนื้อแท้สันดานออกมาให้เห็น,1
ชั่ว,1
ใบหน้างามไม่น่าใจดำเลย,1
จิตใจต่ำมาก,1
ไม่ต้องขอบคุณนะ เราใจบุญ ,0
ไม่ชั่วจริง ไม่เลวจริง เป็น 3 กีบ ไม่ได้หรอกนะ ,1
หลงตัวเองจนกลายเป็นปีศาจ,1
เป็นคนที่มีสมองมีสามัญสำนึกสักนิด ,0
น่าสงสัย,1
หน้าตาก็ไม่ได้ขี้เหล่นะ แต่พอได้ทราบแนวคิดที่แสดงออกมาเราว่าน่ารังเกลียด,1
แทนที่จะสามัคคี,0
จิตสำนึกไปอยู่ที่ไหน,0
คนทุกวันนี้มันไม่รู้จักเลยว่าอะไรถูก อะไรผิด อะไรควร อะไรไม่ควร อะไรสูง อะไรต่ำ,0
คนระยำ,1
ระยำ,1
ไม่รู้ที่ต่ำที่สูง,1
พวกจิตวิตถารทำได้ทุกอย่าง,1
การลบหลู่ ไม่ควรจะทำ แม้คุณไม่ถือก็ตาม นึกถึงใจเขาใจเราหลักการการอยู่ร่วมกันของสังคมมนุษย์,0
ต่างอะไรกับการเอาศาสนามาล้อเลียน,0
จงเตรียมตัวเตรียมใจ น้อมรับผลกรรม ที่จะได้รับเถิด,0
การรู้ว่าอะไรควรไม่ควรนั้น คนโบราณท่านไม่เคยมีปัญหากับเรืองแบบนี้,0
กรรมอยู่ที่จิตเจตนา,0
โลกร้อนวุ่นวายทุกวันนี้เพราะพวกที่จิตเป็นเปรตอสูรกาย,1
กรรมใดใครก่อ กรรมนั้นย่อมตามสนองคนนั้น,0
เลือกเองแล้วสินะ ตั้งใจ มีเจตนา มีความคิด ลงมือกระทำ และเจตนาเผยแพร่เพื่อลบหลู่ ,0
จิตใจที่ต่ำทรามย่อมแสดงอออกมาด้วยความต่ำทราม ขอให้พบแต่ความวิบัติฉิบหาย ความทุกข์ยากเร่าร้อนจงแผดเผาทุกเวลา,1
แผนทำลายรากเหง้าและสามสถาบันหลักมีอยู่จริงใช่ไหมครับ,1
พ่อแม่ไม่รู้สึกอะไรเลย เน้นแต่หาเงิน,0
อ้างเรื่องเสรีภาพ ทั้งที่ยังไม่แตกฉานมากพอที่จะเคารพความเชื่อของผู้อื่น,0
ไม่รู้จะสรรหาคำมาพูดกับการกระทำอันไร้ซึ่งขอบเขต แค่อยากได้ยอดวิวเนี่ยนะ,0
กรรมเกิดที่การกระทำ แล้วเจ้าจะได้กรรมนั้นทันที,0
เวรกรรม ไม่รู้จักที่ต่ำที่สูง นี่หละที่โบราณเขาว่า สำเนียงส่อภาษา กิริยาส่อสกุล,0
ผมสงสารคนๆนี้จริงๆ,0
กล้าทำ ต้องกล้ารับ,0
คุณจะพูดอะไรก็ได้ ,0
แต่นรกรออยู่แน่นอน,0
กรรม,0
อยากเห็นแฟชั่นใหม่ ที่ใช้ปัญญาคิดเอง ไม่ไปแต่งกายเลียนแบบ เครื่องแบบของผู้อื่น,0
เดี๋ยวการทำอะไรเกินพอดี อาจจะสร้างกระแสได้ แค่ขอโทษ ร้องไห้ รู้เท่าไม่ถึงการณ์รอสักพักก็เงียบ ,0
สักวันเขาจะรู้จัก นรกทั้งเป็นเอง,0
การดูถูกความเชื่อ เอาความเชื่อของคนอื่นมาล้อเล่น ผู้เจริญเค้าไม่ทำกันครับ,0
กรรมทำแล้วมีผล,0
นังผีนรก เตรียมตัวไว้นะ,1
ก้าวข้ามคำว่าพอดี ถ้าเข้าใจในหลักคำสอนจริงคงไม่เป็นอย่างที่เป็นอยู่นะ,0
นี้แหละเขาเรียกว่าชัง ชาติ ศาสนา พระมหากษัตริย์ของแท้ของจริง,0
ขอไม่พูดถึงเรื่องศาสนานะครับ เอาแค่เรื่องความคิดสร้างสรรค์พอ,0
ยุคนี้คือยุคเสื่อมทางความคิดสร้างสรรค์แล้วจริงๆสินะ,0
ถึงขนาดเอาศิลปะเก่าเอาภาพสมัยเก่ามาทำซ้ำ แสดงถึงความอับจนทางการสร้างสรรค์โดยแท้,0
คิดว่าสวยหรอ,0
สมองมีให้คิดทุกคนแหละครับ,0
ความคิดและการกระทำช่างต่ำตม ถ้าไม่มีความคิดอะไรดีๆมาอวดก็อยู่เฉยๆซะไม่สมควรวิ่งหานรกนะ,1
ผมไม่เคยทำให้พระพุทธศาสนา มัวหมองเลยจริงๆ,0
การกระของเธอมันสะท้อนความไม่มีปัญญาของตัวเธอเองไปแล้ว,0
อยากดัง ยอดวิว แค่นั้น ,0
หิวแสง หิวนรก,1
มันคงไม่ได้นับถือพุทธศาสนา,0
ขอให้ผลกรรมนี้จงตอบสนอง กับโคตรเหง้าวงตระกูลโดยเร็ว,0
พวกนี้เล่นอะไรไม่รู้เรื่องจริงๆ หนักขั้นสุด,0
ไม่มีอะไรจะเล่นแล้วหรือไง,0
ผลแห่งกรรมนั้นมีจริง,0
ก็เตรียมรับผลกรรมไปด้วย,0
ทุกวันนี้ความคิดของคนเราเริ่มวิตปริตต่ำตมลงเรื่อยๆ,1
เธอจะชังให้หมดเลยเหรอ ทั้งชาติ ศาสนา และพระมหากษัตริย์,1
อีกไม่นานชีวิตนางคนนี้จะมีอันเป็นไปในทางร้ายกับตนเอง,1
กำลังเล่นอยู่กับนรกนะจะบอกให้ เล่นไม่รู้จักที่ต่ำที่สูง,1
อันนี้คือใช้อิสระในการแสดงออกในทางที่ผิด ,0
ก่อนลงนรก ชีวิตต่อไปนี้คงวิบัติ ทำไรก็ไม่ขึ้นเตรียมใจไว้ได้เลย กรรมเกิดจาการกระทำ ถ้าไม่ทำคงไม่ต้องมีกรรม,0
สมองมี แต่คงคิดไม่ได้ ว่าสิ่งใดควรสิ่งใดไม่ควร ,0
จิตใจต่ำขนาดนี้เลยหรือ ไม่เห็นโลงศพไม่หลั่งน้ำตา จำไว้,1
รู้ว่าวันข้างหน้าจะเจออะไรบ้าง เธอต้องรับมันให้ได้,0
เธอเคยให้วพระบ้างหรือป่าว,0
เมิงอาจจะคิดว่าเมิงมีสิทธิ์แหกกรอบ แต่เมิงก็เตรียมรับผลด้วยแล้วกันนะ สังคมเค้าไม่ยอมเมิงหรอก,1
ไม่เข้าใจว่าสมองของเธอมีลักษณะเป็นเช่นไรถึงได้กล้าทำได้เยี่ยงนี้,0
สมองคุณคิดงานไม่ออกถึงคิดออกก็ไม่มีใครสนใจ เลยดึงของสูงมาเล่นซะมีคนสนใจแน่,0
พระพุทธองค์ทรงเมตตาก็คงจะสวดแผ่เมตตาให้กับสัตว์นรกครับสาธุ ,0
กล้าลบหลู่ไม่กลัวนรกหรือ เดี๋ยวก็จะพ้นทุกข์เตรียมตอบยมบาลให้ดูเถอะ,0
ให้มันจบที่ ม.ราชทัณฑ์ ยาวๆนานๆ,0
ขอให้ทุกคนเจริญสติให้มากๆ เพราะโลกทุกวันนี้ตกอยู่ในมือพญามาร(ตัณหา)ถ้ามีสติตั้งมั่นจึงจะพาตนหลุดพ้นบวงมารได้(ตนเป็นที่พึ่งแห่งตน),0
คนไม่รู้จักความอยากดัง สรุปคือจะต้องลบหลู่ให้ครบทั้งสามสถาบันหลักของชาติเลยใช่หรือไม่,0
ใครที่ทำอะไรเอาไว้ด้วยเจตนา ผลกรรมจะตามสนองในไม่ช้า,0
นรกมีจริงสักวันจะรุ้ว่าอะไรคือนรก อะไรคือสวรรค์คะ,0
น่าสงสารนะ คนมีกรรมหนัก มืดบอด,1
นี้มันเมืองพุทธ,0
หิวแสง,1
ช่วงนี้เพศสภาพเค้าเเรงจริงทุกวงการ เมื่อสิ่งที่น่าอายได้รับการยอมรับมากขึ้น ความผิดเเปลกจึงเป็นเช่นนี้เเล,1
ผมไม่ได้นับถือศาสนาพุทธ ก็ยังเข้าใจได้ ถ้ามีพฤติกรรมสุ่มเสี่ยงพร้อมด้วยคำพูดออกมา ผมก็ว่าไม่ใช้เรื่องที่ควรกระทำ,0
ในทางโลกผู้ไม่รู้อาจไม่ผิดหรือยกโทษได้  แต่ในทางธรรมถ้าไม่รู้รับเต็ม100% ทั้งดีและไม่ดี,0
ปรามาทพระรัตนตรัยมีโทษหนัก,0
ไม่มีผู้มีศรัทธาในศาสนา กล้าทำล้อเลียนศาสนาตัวเองหรอก ,0
สังคมไทยกำลังเข้าสู่ยุคเสื่อม คนบางคนสมัยนี้ไม่นับถืออะไรนอกจากตัวเอง เอาตัวเองเป็นที่ตั้ง อ้างสิทธิ์ของตนจนบางทีก็ข้ามมาสิทธิ์ของคนอื่น ,0
ว่าแล้วต้องมีดราม่า เอาอะไรคิดให้ทำแบบนี้นะสมเพสจริง,0
สรุปกำลังดังแล้วก็ดับ ,0
เตรียมตัวเตรียมใจได้เลย หลังจากนี้ชีวิตท่านจะวิบัติแน่นอน เห็นมาเยอะ,0
มนุษย์ปัจจุบันหาทางพ้นทุกข์  แต่กลับบางคนหาทางไปถึงทุกข์ นรก นรก นรกกินกระบาด,0
เมื่อก่อนเคยดูช่องของนาง ตั้งแต่รู้ว่านางเป็นพวกชังชาติก็เลิกติดตามไปเลย,1
วันฮาโลวีนมันไม่ใช่วัฒนธรรมของคนไทย แต่คนไทยไปรับเอาวัฒนธรรมชาติของเขามาเยอะ,0
วิปริตไปหลายอย่าง,1
แค่ล้อเลียนพส.สองเพื่อนสาวก็พอมั้ง,1
นี่เอาถึงศาสดาเลย  แม้จะอ้างเสรี แต่นี่คือเมืองพุทธนะ,0
อีกอย่างถ้าเสรีจริงลองไปทำกับศาสนาอื่น,0
เดี๋ยวก็จะได้รู้,0
สมเพชชิบหายเลยค่ะ 55555,1
ตรรกง่าย ๆ ไม่นับถือ คือไม่เข้าไปยุ่งกับเค้าจะดีกว่า ,0
หว่านเมล็ดพืชลงดินเช่นไรย่อมได้ผลเช่นนั้น ,1
แค่คิดประตู นรก ก็เปิดรอแล้วนี่ทํารอเลยว่าลงแน่,1
ยุคตกต่ำที่สุดนี้ 3นิ้วเชิดชู,1
สาวประเภทสองสามารถทำอะไรอีกได้เยอะกว่านี้,0
ไม่รู้จักแยกแยะ ผิดชอบชั่วดี อะไรควรไม่ควร ชีวิตมึงอาจจะถึงคราววิบัติก็ได้ มึงจำใส่กะโหลกไว้เลย ,1
ไม่ว่าศาสนาใดๆคุณก็ไม่ควรเอามาทำคอนเท้นต์ ไม่ต่ำตมจริงทำไม่ได้แบบคุณนะ,1
ที่ทำนี้มันทำให้คนรุ่นใหม่เข้าใจพระพุทธศาสนาด้านไหนครับ วาจาไม่ลบหลู่ ,0
เลวระยำจริงๆๆมันมีความเป็นคนใหมสุดของคนระยำ,1
ในยุคสมัยที่การสื่อสารมันง่ายดาย พวกบ้าๆบอๆก็ใด้โอกาสปล่อยของ,1
จะตกนรกยังไม่รู้สึกตัวอีก,1
คนจะตกนรก ช่วยไม่ได้จริงๆ,1
สัตว์โลกเป็นไปตามกรรมเสมอ,0
โอแม่เจ้าชั่งกล้าทำเนาะเด็กสมัยนี้ไม่กลัวบาปกรรม,0
อย่าพูดเลยว่านับถือศาสนาพุทธ การแสดงออกบอกยืนเด่นชัด กว่าคำพูด นรก มีจริง,0
คนที่จิตใจปกติ เค้าจะไม่ไปล้อเลียน ศาสดา ของคนอื่นที่เค้าเคารพศรัทธา ,0
อยากดัง ในทางที่ผิด,0
ลบหลูผู้อื่น ระวัง ตายโหง,1
ทุกคนย่อมเป็นไปตามกรรม ด้วยกาย วาจา ใจ,0
เวร เลียนแบบ ลบหลู่ กรรมจะตามทัน,0
ทำไมคนปัจจุบันเป็นแบบนี้,0
จิตใจต่ำทราม ทำแล้วก็ต้องรับผลที่ตามมานะ,1
สงสารบิดามารดาเขาจัง สู้ทำความดีมาทั้งชีวิตโดนลูกทำแบบนี้ จบเลย,0
เด็กสมัยใหม่มีการเรียนการศึกษาที่ดี แต่ไม่คิดเลยว่าเรียน ยังไง ถึงมีพฤติกรรมและการกระทำแบบนี้,0
พูดแหม่งๆ ว่าอยู่ที่การมอง แต่ตัวเองจะทำอะไรยังไงก็ได้ เฮ้ย ภ้างั้นอย่าโวยกับผลที่ตามมาละกัน,0
โอ้ยยยย เธอหนอเธอ เล่นอะไรไม่รู้เรื่อง รอดูชีวิตเธอเลย มีนรกเป็นที่หมาย,0
กรรมใดใครก่อมีสิ่งอื่นมีทำไมไม่ทำมันทำให้หดหู่ใจคนสมัยนี้ทำได้ถึงขนาดนี้แล้วหรือนรกหนอ,0
ชาวพุทธไม่เคยเสื่อมศรัทธาในพระพุทธศาสนาแต่จิตใจคนที่,0
มีกิเลสและความโลภ,0
ทำให้ศาสนาเสื่อมลงไปทุกวัน,0
กรรมจากเพศสภาพยังหนักไม่พอ,1
อย่าไปให้ค่าพวกนี้ไมมีใครอะไรพวกนี้ไม่เกินสองสามวันเงียบยิ่งไปให้ค่ายิ่งได้ใจทำทำใหญ่,1
สาวสองสยองไม่ต่างกับคนต่างด้าว,1
ขอสาปให้กรรมตามสนองมันเร็ววัน สาธุ,1
เกิดมาจิตวิปริตแล้วเกิดแก่เจ็บตายไม่ได้ว่าคนเราจะอยู่จนแก่กันทุกคน,1
อยู่ดีๆ ก็หาเรื่องให้โดนด่า,1
อยู่ในยุคที่ผู้คนไร้ศีลธรรม จิตใจคนมีแต่ต่ำช้าลงทุกวัน,0
เลือกปฏิบัติเอง ก็จงรอรับผลของกรรมที่ปฏิบัตินั้นเองเถิด สาธุ,0
เธอจะทำกรรมคือการกระทำๆอะไรก็ได้สิ่งนั้นพระพทุธเจ้าท่านตร้สไว้เห็นผิดเป็นชอบผลแห่งกรรมสาธุ,0
เราเป็นคนรุ่นใหม่คนหนึ่งยังมองว่าไม่เหมาะสมเลย,0
ชื่อเสียงตั้งอยู่แล้วดับไป อนิจา,0
อยู่ดีๆหาเรื่องให้คนด่า  เรื่องแกงคนก็ยังไม่ลืมนะ เคยติดตามนางตอนนี้วันนี้เลิกขาด,1
มันจัญไรสุดๆแล้วหิวแสงอยากดังหาชื่อเสียงใส่ตัวเองทั้งนั้นวัวควายยังรู้ภาษาดีกว่า,1
ไม่นับถือ อย่าล้อเลียน,0
ขอให้นายคนนี้ มีอันเป็นไปด้วยเถอะไม่สมควรทำในทุกศาสนา ไปล้อเล่นกับความศรัทธา เลื่อมใสของผู้คนไม่ควรทำ,1
เวรกรรมจริงๆ,0
คนที่เข้าใจพุทธศาสนาเขาไม่ทำกันหรอก,0
นับวันมันยิ่งจิตใจต่ำตมพวกคนยุคใหม่มันไม่มีสิ่งศักด์สิทธ์ในใจมันเลย เลวจริงๆ,1
ถ้าล่วงเกินศาสนามุสลิมทำแบบนี้..มึงไม่ได้ตายดีแน่ๆ,1
ที่อเมริกาเเต่งพระเยซูยังไม่มีคนว่า คือต้องเเต่งพุทธใช่ไหมทัวร์ถึงลง,0
ทุกวันนี้มีกรรม ที่เป็นแบบนี้แล้ว ยังไม่คิดทำความดีอีก ก็รับกรรมที่ก่อไว้ละกัน แผ่นดินกำลังคัดคน,0
มันเกิดอะไรขึ้นบนโลกใบนี้นับวันยิ่งแยกแยะไม่ได้ ถึงผิดชอบชั่วดี,0
เมื่อความบ้ามาเยือน ต่อไปคงบ้าจริงๆ รอดูกันต่อไป,1
เชื่อมากๆว่ารุ่นลูกรุ่นหลานต่อๆไปคงไม่มีแล้วล่ะศาสนาเรา,0
สงสัยหล่อนคงเป็นมนุษย์ต่างดาวจึงไม่รู้เรื่องบาปกรรมหัวสมองเหมือนบัวอยู่ใต้โคลนตมยังไม่ได้ผุดออกมาพ้นน้ำเป็นอาหารของพวกสัตว์ที่อยู่ใต้น้ำถึงทำได้ขนาดนี้หน้าเวทนา,0
ปลอม วิปริตได้ ,1
กรรมเกิดจากการกระทำเจตนา เมื่อผลกรรมตามมาถึงก็ชดใช้กันไป,0
เอาอะไรคิด?,0
มึงทำแบบนี้มึงทำไปทำไม,1
ใช่ครับ รับไม่ได้ครับ,0
คนแต่งตัวไม่ได้เข้าใจและเรียนรู้พระพุทธศาสนาเลย  แค่พุทธตามบัตรประชาชนใช่ไหม หรือไม่มีศาสนา,0
หิวแสงก็ยอมรับ จบ,1
เสรีเกินเหตุ หนักแล้ว คิดเข้าข้างตัวเองล้วนๆ,0
คุณทำอะไรไว้ กรรม ย่อมย้อนเข้าตัวเอง ระวังนะ ถ้าคุณยังนับถือพุทธ แต่ถ้า ไม่ก็ตามนั้นนะ,0
แต่งยังระวังน่ะครับ ปรับ 2000 แต่ตอนนี้ 10000 น่ะ,0
ไม่ว่าจะศาสนาได หากผู้กระทำรู้อยู่แล้วว่าตัวเองเอาเรื่องเกี่ยวกับศาสนานั้นมาทำให้เหล่าผู้คนมี่เลื่อมไสในศาสนานั้นมี่ความรู้สึกไม่ดีก็ยังทำนั้น ถือว่าบุคคลนั้นจิตใจทรามมาก,0
คิดเข้าข้างตัวเอง ทุกเรื่อง ว่าสิ่งที่ทำน่ะถูก ไม่ดูถูกคนดู แต่คนดู น่ะ  ดูถูกคุณ นรกๆๆๆๆ,0
ยิ่งนานวันยิ่งเลอะเทอะ เละเทะกันไปใหญ่ สนุกสนานกันจัง,0
ยังมองอะไรไม่เห็น ใจไม่เห็นมืดดำไปหมด คิดว่าสิ่งที่ทำมันถูกแล้ว,0
คิดอะไรมาก การปลงได้ จะทำให้เราเจริญ,0
ถ้าเรามีจิตใจดีเห็นคนชั่วเราไม่ชอบไม่ทำตามไม่สนับสนุนแล้วก็ปลงได้ เขาก็จะเป็นอะไรทำอะไรก็ปล่อยเขาไป ,0
ใครอยากทำชั่ว ใครสนับสนุนคนที่เราไม่ชอบ ก็ได้แต่ปลง สุดท้ายเราจะมีความสุขกับสิ่งที่เราปลงได้ นรกนะ ใครเขาจะเลือก ใครเขาจะลงเราไปห้ามเขาไม่ได้,1
อีกหน่อยเข้าพรรคสามกีบแน่..นโยบายเลวเหมือนกัน,1
มันหมิ่นด้อยค่า,1
กรุณารับยาศรีธัญญาด้วย,1
ทำไมถึงเลวขนาดนี้,1
ทำไมน้องทำแบบนี้ล่ะครับ  มันไม่เป็นผลดีกับน้องแน่ๆ,1
เยซูโดนมาเยอะ55,0
สมองคิดได้แค่นี้ทุกอย่างที่ทำก็เพื่อเงิน,0
ทำหายอดคนดู ตามเคย ยิ่งด่ายิ่งดัง,0
พวกจิตวิปริตวิตถาร ไม่ว่าศาสนาไหนเขาก็ไม่ยอมรับ ศาสนาพุทธจริงๆแล้วไม่ให้บวช ศาสนาคริสต์เรียกพวกนี้ว่าคนบาป ไม่รู้อะไรควรไม่ควร,1
ดูต่อไป จุดจบตัวพวกนี้จะเป็นไง,0
รับไม่ได้ ย่ำยีจิตใจชาวพุทธ หน่วยงานรัฐจัดการด่วน,0
ทุกวันนี้คนจะไปนรกเยอะ ถึงเวลารับกรรมชั่วเองก่อเองใครๆก็ช่วยไม่ได้,0
ถ้าได้รับผลกรรมแล้ว ช่วยบอกให้ทุกคนรู้ด้วยว่าทำกรรมอะไรไว้,0
เสื่อมทรามทางความคิด ทัศนคติแสดงถึง การขาดวุฒิปัญญาไม่สามารถ แยกแยะว่า ดี ชั่ว ถูก ผิด อะไรควรหรือไม่ควร ,0
มารศาสนาตัวจริง,1
ศาสนาใดๆก็ไม่ควรจะเป็นนับถือนะคนอย่างนี้มีแต่จะทำให้ศาสนามัวหมอง,0
ถุกใจเจ้าแต่ไม่ถุกต้องค่ะ กรรมมีจริง,0
ขออย่าให้ได้เจอะได้เจอคนเปรตแบบนี้เลย,0
ปากก็พล่ามแต่โดยริดรอนสิทธิ์ แต่การกระทำของพวกมันใช้สิทธิ์จนละเมิดคนอื่นไปทั่ว แม้แต่พุทธศาสนาที่แม้แต่ฝรั่งที่พวกมันคลั่งเองยังศรัทธา,1
มันสอนคนรุ่นใหม่กันแบบไหน,0
มาแนวเดียวกับคุณที่จะกระโดดถีบคนใส่รองเท้าแตะ ขอโทษ คาดไม่ถึง แล้วก็เงียบ,0
น่าสังเวช..ใจ  กับความคิดของคนคนนี้,0
ฟ้องมันซิทำให้เสื่อมเสียศาสนา,0
นรกนั้นมีอยู่จริงทำตัวเองแท้ๆ,0
ถึงยุคเปรตแล้ว คิดอะไรแฝงๆ,1
ปล่อยไปเหอะ,0
ไม่เห็นโลงศพไม่หลั่งน้ำตา,0
นรก กำลังถามหาแล้ว ปล่อยไปเถอะ จิตใจจะสูงจะต่ำ อยู่ที่ทำตัว,1
นางคงเปิดกระโหลกแล้วตบซ้ำ,1
กิเลส,1
คนเลวย่อมได้รับผมแห่งการกระทำ อย่างเร็วที่สุด,0
มันใช่เรื่องหรือไง  บาป นรก  ,0
คนบ้าเริ่มเยอะขึ้นทุกวัน ยุ่งแล้วครับประเทศไทย,0
เพราะงี้ไงคนรุ่นใหม่เลยไม่อยากนับถือ,0
ชาวพุทธไทยไม่ต่างอะไรกับปีศาจที่คอยเบียดเบียนผู้อื่นเลย,0
เสียชื่อเสียงสาวสองหมด ,1
การแต่งแบบนี้อาจจะไม่ผิดตามหลักคำสอนแหล่ะ แต่ต้องไม่ใช่ที่ไทยนี่ และวิธีนำเสนอมีอีกถมไป ,0
อย่าถืออ้างเรื่องเสรีภาพจะคิดทำอะไรเกี่ยวกับเรื่องความเชื่อ ศาสนา อะไรก็ได้ มันเป็นเรื่องละเอียดอ่อนมาก ,0
มันคืออมนุษย์ที่ศาสนาไม่รับ,1
อัปลักษณ์ที่จิตใจ,1
ไม่มีอะไรทำหรอครับ อยากลงนรกขุมที่ลึกที่สุดใช่มั้ยครับ,0
ถ้าเคารพพระพุทธเจ้าจริงๆก็จะไม่ทำอย่าอ้าง,0
มันคิดได้ไงวะไม่รู้ว่าจะเอาอะไรมาเปรียบเทียบเลยจริงๆ,0
พวกจิตไม่ปกติเริ่มแสดงออกมาทีละตัว,1
สมองด้านดีมีนิดเดียว นอกนั่นไปหมดเลย แถๆ ไม่รู้จักอันไหนควรไม่ควร,1
ถ้าเป็นบางศาสนาคนนี้อาจคอขาดแล้วดูหมิ่นเหยียดหยามศาสนา,1
พ่อแม่ไม่สั่งสอนไม่ต้องบอกก้อรู้ว่าความคิดระยำแบบนี้สามกีบชัวส์ใครคิดเหมือนกระผมบ้าง?,1
คนมีปัญญาเขาไม่ทำกันหรอก,0
จัญไร มาก  ศาสดาของศาสนาใดๆก็ไม่ควรไปเลียนแบบหรือทำตัวให้คล้ายคลึง  ทำแบบนี้สมควรโดนด่า ๆๆๆ,1
จิตมันวิปริต,1
ก่อนที่จะทำอะไรควรขออนุญาตและปรึกษาผู้มีหน้าที่เกี่ยวข้องก่อน และควรมีความรับผิดชอบต่อส่วนรวมด้วย,0
หัวใจข้าเจ็บปวดยิ่งนัก,0
ป่วยจิตอ่อนกะไปหมอเอาเด้อคะคนทุกวันจิตป่วยหลายๆรูปแบบ,0
สิ้นคิด,1
เด็กคนนี้เอาสมองส่วนไหนคิดมีสิ่งดีๆทำตั้งเยอะ,1
ชอบดังกันทางแย่ๆเนอะ,1
มีทุกอย่างให้แต่ง แต่เลือกแต่งชุดที่อยากให้เป็นประเด็น เหยียบความเชื่อคนอื่นขึ้นมาให้ดังเพราะไร้ความสามารถ,1
โดนยกทั้งโคตร,0
อยากถามคุณว่าคุ้มค่าแล้วหรือกับการทำแบบนี้,0
นี่สะท้อนถึงความอ่อนแอของศาสนา,0
ทำไมคนเราเสื่อมลงๆๆๆทุกวัน ,1
ไม่รุ้จักอะไรควรไม่ควร สูงต่ำทำแล้วแก้จัดให้หนักหน่อยคนประเภนี้,0
คนไทยเป็นอะไรกันไปหมดว่ะเป็นห่วงประเทศชาติจัง,0
ดูแล้วปวดใจจริง,0
พฤติกรรมกับชื่อเหมาะสมกันดีครับ,0
เอาให้หนัก,0
จัดการให้หนักๆเลยได้มั้ยครับ,0
หน้าตาแต่ละคนเหมือนโจรนี่เหรอนักเรียนเอาพ่อแม่มารับผิดชอบด้วย,0
ชั่ว จับให้หมด,1
ชายแดน วันๆ สร้างแต่เรื่องให้บ้านเมือง,0
วุ่นวาย เลวจริงๆ ,1
อายุ 22 ปี ติดคุกได้เสียอนาคต สมควรแล้ว พ่อ แม่คงมีใจสนับสนุน มันถึงเลวทรามได้แบบนี้ แล้วจะมาเปลี่ยนประเทศ,0
ลำพังเด็กมันไม่คิดทำขนาดนี้หรอก มันมีคนชักใยแน่นอน,0
หน้ากับนิสัย ทิศทางเดียวกันเลย เลวววว กฏหมายจัดการได้หนักขนาดไหนคะเนี่ยอยากรู้,1
เลวระยำไม่มีสิ้นสุด,1
กฎหมายอ่อนแอปล่อยจนเหิมเกริมไปเลื่อยถ้าจัดการกับพวกมันจริงๆจังๆก็น่าจะจบตั้งนานแล้ว,1
พอจับมันได้ เด่วมันก็บอกรู้เท่าไม่ถึงการ สันดานคนทำผิด,0
มันเป็นละครที่มีคนจัดขึ้นต้องสืบจับยกแก๊ง,1
หากละเมิดหรือทำผิดกฏหมายฯ อย่าให้เหิมเกริมมากไปกว่านี้ สังคม ประเทศชาติจะสงบสุขได้ ต้องเข้มงวดในการบังคับใช้กฏหมายอย่างจริงจังและเด็ดขาด,1
ไม่น่าใช่นักเรียนแล้ว ขึ้นศาลก็ไม่ใช่ศาลเยาวชนแล้ว,0
น่าจะจับเข้าคุกให้หมดพวกเลวระยำ,1
ไอ้พวกเลวหนักแผ่นดินขอให้ตำรวจจับไปคุมขังให้หมดอย่าปล่อยออกมาทำเรื่องชั่วๆ,1
ทำไมมึงไม่เอาไปคลุมพ่อแม่พี่น้องมึงเรียกร้องแต่สิทธิ์ไม่คิดจะทำอะไรให้เป็นประโยชน์มึงอยากเสรีมึงก็ไปอยู่ประเทศอื่น,0
จัดมันหนักเลยค่ะ คงจะเลวจริงดังชื่อ สงสารครอบครัว,1
นี่หรือคนรุ่นใหม่ที่บอกอยากเปลี่ยนประเทศ,0
ประทศไทยุโถดถอยอย่าปล่อยไห้คนชั่วลอยนวล คนดีจะไม่มีที่ยืน,0
ไม่จัดการให้มันจบเสียที่,0
อยากเรียกร้อง แต่ทำสิ่งเลวๆ เริ่มเลวๆจะได้ดีได้ยังไง,0
ประเทศชาติ จะยังไงถ้ามีเยาวชนแบบนี้  แต่ผมดีใจที่ยังมีนักเรียนดี มีมากกว่า  แต่ผมเภาวนาให้อนาคตต่อไปให้นักเรียนดี มาบริหารประเทศ ,0
เราเป็นคนไทย รักประเทศไทยมาก แต่ทำไมถึงมีแต่อะไรๆที่แปลกๆและไม่ดีเกิดขึ้นในบ้านเมืองเราบ่อยๆ,0
ประเทศเราประนีประนอมมากไปจึงเป็นเช่นนี้ นี่ถือเป็นเหตุแห่งการปรับปรุงกฎหมายได้แล้ว เพื่อความสงบสุขของคนส่วนใหญ่ของประเไทศ,0
อันนี้มันก็แล้วแต่จิตสำนึกของแต่ละคนว่ามีสามันสำนึกมากน้อยแค่ไหน ,0
คงต้องมีมาตรการจัดการ ผู้ที่รับผิดชอบร่วมกันคิดหาทางหน่อยคงจะดี ,0
ต้องมีกฎหมายควบคุมทุนต่างชาติที่มาแทรกแซงการเมืองไทย,0
ลักษณะของ 3 กีบ,1
พูดเอาดีใส่ตัว เอาชั่วใส่คนอื่น,1
พูดความจริงไม่หมด บิดเบือน,1
ประเทศไทยไม่เคยกีดกั้นเรื่องเพศ พ่อแม่และครอบครัวก็ให้ความเข้าใจกับลูกๆ ประเทศไทยเป็นประเทศที่นำหน้าเรื่องการแปลงเพศ,0
เด็กๆ ถูกล้างสมองจากคนกลุ่มหนึ่งที่หวังผลประโยชน์โดยไม่คิดถึงอนาคตของเด็กๆ อนาจใจจัง,0
มีหลักฐานขนาดนี้ ก็จัดการให้เด็ดขาดสิครับ ไม่ต้องอ้างว่ายังเยาวชนหรอกครับ,0
พวกนักเรียนเลวอย่าให้พวกกะเทยดีๆที่รักชาติและสถาบันออกมานะไม่งั้นมีหนาว,1
การรู้จัดมารยาททางสังคมรู้ว่าควรทำอะไร หรือไม่ควรทำอะไร ,0
อย่าสนับสนุนค่ะ ไม่ว่าจะทางใด เอารายชื่อ เลขที่บัตรประชาชน บล็อกทุกทาง,0
อย่าให้เป็นเยี่ยงอย่างค่ะ,0
มันไม่เกี่ยวกับการศึกษาเลย  ยิ่งทำแบบนี้ยิ่งโดนสังคมต่อต้านและรังเกียจ เพราะเค้าจะมองว่าเป็นพวกตัวปัญหา ,0
เหมือนเด็กเสพยา เห็นมันไปทุกกิจกรรม ,1
นักเรียนเลว เลวมากๆ จริงๆ,1
แนวความคิดและพฤติกรรมน่าสะอิดสะเอียน,1
คนดีสวดมนต์ทำบุญบ่อยๆ ขอให้คนทำดีจงปลอดภัย,0
สัตว์โลกย่อมเป็นไปตามกรรม คนดีจัดการคนเลวไม่ได้ สุดท้ายต้องให้ธรรมชาติกวาดล้างไปลงหลุม ทุกอย่างเกิดขึ้น ตั้งอยู่ และดับไป,0
จับมันไปยิงทิ้งให้หมดพวกไม่มีค่าอะไร55555,0
ประเทศไทยต้องใช้กฎหมายแบบมาเลถึงจะเอาอยู่ ไม่ใช่ปวกเปียกอย่างที่เป็นอยู่,0
ตัวอย่างที่ไม่ดีในสังคม สร้างค่านิยมที่ให้โทษ,0
เสียดายอนาคตจังเลย ,0
ทำไมนักเรียนปัจจุบันมันเลวเหี้ยถึงขนาดนี้ทุเรศไม่มีความอายขายหน้าถึงพ่อแม่วงค์ตระกูล  ต้องใช้กฏหมายให้เฉียบขาดจริงจังโดยไม่มีข้อยกเว้นถ้าผิดครับ,1
มันเลวตามชื่อยกแกงค์ ไม่รู้จักที่ต่ำที่สูง ความต้องการเรื่องเดียวคือเรื่องทางเพศเท่านั้น พ่อแม่ควรต้องออกมารับผิดชอบ มีลูกแบบนี้,1
อะใรที่บอกว่าเลวสังคมยอมรับอยู่แล้ว ถ้าคิดว่าตัวเองมีดีก็แสดงให้สังคมเห็นสิ ไม่ใช่แสดงใด้แต่ความถ่อย,1
มันแฝงตัวที่ใหน  มันสายเลือดเดียวกัน ชาติชั่ว เหมือนกันหมด,1
อายชาติอื่นๆที่อยู่ใกล้ๆนะ,0
จัดให้หนักสมกับที่มันเลวจริงๆ,1
ยุคโจรครองเมืองก็อย่างนี้ละ,1
ขอให้ชีวิตมีแต่ถอยหลังไปจนชั่วชีวิต,1
จัดการจับให้หมดครับ,0
ขยะสังคม,1
ไม่จัดการมันจริงๆจังๆสักที พวกมันก็ไม่กลัวหรอก มันยิ่งได้ใจ ต่อไปมันจะทำมากกว่านี้ แล้วจะควบคุมไม่อยู่,0
เอาจริงจริงสักทีกฎหมาย,0
มันไม่แปลกหรอกที่คนชั่วจะมั่วสุมกับคนเลว,1
พวกเด็กน้อยพวกนี้ จะไม่มีกฏระเบียบอยุ่ในจิตใต้สำนึกเลยหรอ ห่วงอนาคตชาติจริงๆ,1
ใช้ให้ทหารจัดการกับพวกมันไปเลยครับ,0
คนชั่วกับคนเลวมันก็พวกเดียวกัน,1
พฤติกรรมเหมาะสมกับชื่อกลุ่มมากๆเลวจริงๆ,1
จับมันเข้าคุกไปเลย,0
วิชาความรู้ไม่ได้ช่วยให้มีความเป็นคนเลยหรอ,0
จัดให้หนักเลย,0
ถ้าเมตตาเกินประมาณ จะพบคนพาลทั่วเมือง,0
สิทธิบ้าบอคอแตกอะไร สิ่งที่ทำคือเรื่องชั่วๆทั้งนั้น มันเป็นสิ่งไม่ควรทำ,0
ประเทศกูทำไมถึงเป็นแบบนี้,0
โรคจิตแน่ๆธรรมชาติสัมผัสแบบนี้มีอารมณ์แข็งเลย,1
มนุษย์ต้องมีความละอาย ในการกระทำที่ขัดศีลธรรม  ,1
ไม่ละอายใจตัวเอ็งสักนิดเลย ไม่ใช่หมา,1
ทำไมทำแบบนี้   หมดศรัทธา เลย,1
ไม่รู้สึกผิดชอบชั่วดี,1
จังไรมากๆๆ ,1
ไอ้นี้มันจิตจริงๆ คลิปนี้น่าเกลียดมาก,1
ที่ทำกับลูก ขนาดนี้ดูออกเลยว่ามันจิต,1
จะอาเจียน,0
ศีลธรรมหายไปจากใจสัตว์มนุษย์,0
อนาจารชัดๆ,1
พูดจาไม่เพราะเลย,1
โรคจิตๆๆๆ,1
เอามันไปหาหมอ,0
น่าเกลียดจริงๆนะ,1
ดูเขาเป็นคนนิสัยดีน่ะครับ เป็นกำลังใจให้น่ะครับ ทำอะไรจะเป็นอะไร ไม่เดือดร้อนใครทำแล้วมีความสุข ,0
เลิกให้การสนับสนุนคนนี้เถอะ,0
ด่าคนอื่นแล้วขอโทษ,0
มั่น,1
บัวใต้โคลน,0
ทำสันดารถ่อยๆ,1
ควรพบจิตแพทย์นะ,1
ไม่ชอบนางเลยอ่ะ,1
อย่าทิ้งกันนะรักกันนานๆ ความรักเป็นสิ่งที่สวยงามไม่ว่าจะเพศไหนก็รักกันได้,1
ใช่ๆ ทุกคนเท่าเทียมกันหมดความรักก็เช่นกันไม่ว่าจะเพศไหนก็รักกันได้ ,0
ความรักมันไม่มีขอบเขตจริงๆ,0
ขอให้คุณทั้งสองคนรักกันนานๆ,0
ความรักไม่มีขอบเขตุมันอยู่ที่คน2คนเข้าใจกันคบกันแล้วสบายใจ,0
ไม่ได้ไปเดือดร้อนกับใคร,0
ไม่ว่าจะเพศไหนมันก็มีความสุขทั้งนั้นแหละครับชีวิตเรา,0
เก่งมาก รู้เรื่องประชาธิปไตย สิทธิ เสรีภาพ,0
มันเป็นสิทธิของคุณ ผมไม่ขอก้าวก่าย,0
จะเพศไหนก็ชั่งเถอะครับขอให้รักกันจริงๆก็พอ,0
ความรักไม่ว่าเขาจะเป็นหญิงหรือชาย อยู่ด้วยความรักอยู่ด้วยใจ ให้กัน รักกัน ผมขอให้สมหวังรักกันตลอดไป ครับ,0
สายเหลือง ขี้,1
พวกผิดเพศ ตกนรกแน่,1
จะเป็นอะไรก็ชั่งความรักคือสิ่งสวยงามจ้า,0
อย่าออกตัวเยอะ ค่อยๆไป,0
ชื่นชมคะ,0
จัดไปสายเหลือง อย่าได้เเคร์สื่อ ,1
รักกันไปนานๆนะคะ,0
อย่าอยู่เพื่อแคร์คำพูดคนอื่นครับ มันจะไม่มีความสุข,0
แฟนสวยนะครับ,0
รู้สึกถึงยุคใหม่ สู้ต่อไปครับ เวลาจะเยียวยา จริงๆ,0
อยู่ด้วยกันถ้าเข้าใจกัน และอยู่ด้วยกันอย่างมีความสุขก็ดีแล้ว,0
ขอให้มีความสุขกับชีวิตรัก ประสบผลสำเร็จ ในชีวิตคู่นะครับยินดีด้วยครับ,0
สุดยอดครับ  ความรักอย่าให้เพศมากีดกั้น,0
ชอบความคิด เป็นตัวของตัวเองดี เลิศครับ,0
นักขุดทอง,1
ความรักเป็นสิ่งที่สวยงามจร้า,0
ชอบในความคิดสุดยอดมากๆ เยี่ยมๆ,0
ยุคนี้มันเสรีแล้ว รักใครก็ได้ขอให้รักกันก็พอ,0
ความรักคือความเข้าใจกัน,0
ยิ่งเวลาเมานี่พูดสนุกปากเลยแต่ละคน,0
น่าอาย ขุดทอง,1
พวกสายเหลือง,1